,epitope_species,epitope_gene,epitope_seq,epitope_start,epitope_end,epitope_len,mhc_allele,cdr3b_seq,cdr3b_len,ref_id,source,bind_level
YLQPRTFLL_CASSLDIEAFF,SARS-CoV2,Spike glycoprotein,YLQPRTFLL,,,9,HLA-A*02:01,CASSLDIEAFF,11,IEDB:1039300,IEDB,2
YLQPRTFLL_CASNEQNSNEQFF,SARS-CoV2,Spike glycoprotein,YLQPRTFLL,,,9,HLA-A*02:01,CASNEQNSNEQFF,13,IEDB:1039300,IEDB,2
YLQPRTFLL_CAGQGMNTGELFF,SARS-CoV2,Spike glycoprotein,YLQPRTFLL,,,9,HLA-A*02:01,CAGQGMNTGELFF,13,IEDB:1039300,IEDB,2
YLQPRTFLL_CATQDQNTGELFF,SARS-CoV2,Spike glycoprotein,YLQPRTFLL,,,9,HLA-A*02:01,CATQDQNTGELFF,13,IEDB:1039300,IEDB,2
YLQPRTFLL_CAIEDLNTGELFF,SARS-CoV2,Spike glycoprotein,YLQPRTFLL,,,9,HLA-A*02:01,CAIEDLNTGELFF,13,IEDB:1039300,IEDB,2
YLQPRTFLL_CASGEANTGELFF,SARS-CoV2,Spike glycoprotein,YLQPRTFLL,,,9,HLA-A*02:01,CASGEANTGELFF,13,IEDB:1039300,IEDB,2
YLQPRTFLL_CASNEENTGELFF,SARS-CoV2,Spike glycoprotein,YLQPRTFLL,,,9,HLA-A*02:01,CASNEENTGELFF,13,IEDB:1039300,IEDB,2
YLQPRTFLL_CATQDTNTGELFF,SARS-CoV2,Spike glycoprotein,YLQPRTFLL,,,9,HLA-A*02:01,CATQDTNTGELFF,13,IEDB:1039300,IEDB,2
YLQPRTFLL_CASQILNTGELFF,SARS-CoV2,Spike glycoprotein,YLQPRTFLL,,,9,HLA-A*02:01,CASQILNTGELFF,13,IEDB:1039300,IEDB,2
YLQPRTFLL_CASMDENTGELFF,SARS-CoV2,Spike glycoprotein,YLQPRTFLL,,,9,HLA-A*02:01,CASMDENTGELFF,13,IEDB:1039300,IEDB,2
YLQPRTFLL_CATQDGNTGELFF,SARS-CoV2,Spike glycoprotein,YLQPRTFLL,,,9,HLA-A*02:01,CATQDGNTGELFF,13,IEDB:1039300,IEDB,2
YLQPRTFLL_CATQSDPNTGELFF,SARS-CoV2,Spike glycoprotein,YLQPRTFLL,,,9,HLA-A*02:01,CATQSDPNTGELFF,14,IEDB:1039300,IEDB,2
YLQPRTFLL_CASSPDIEAFF,SARS-CoV2,Spike glycoprotein,YLQPRTFLL,,,9,HLA-A*02:01,CASSPDIEAFF,11,IEDB:1039300,IEDB,2
LTDEMIAQY_CASSVVLTSGPTDTQYF,SARS-CoV2,Spike glycoprotein,LTDEMIAQY,,,9,HLA-A*01:01,CASSVVLTSGPTDTQYF,17,IEDB:1039300,IEDB,2
LTDEMIAQY_CASSLSQGSQYF,SARS-CoV2,Spike glycoprotein,LTDEMIAQY,,,9,HLA-A*01:01,CASSLSQGSQYF,12,IEDB:1039300,IEDB,2
LTDEMIAQY_CATQRNQETQYF,SARS-CoV2,Spike glycoprotein,LTDEMIAQY,,,9,HLA-A*01:01,CATQRNQETQYF,12,IEDB:1039300,IEDB,2
LTDEMIAQY_CASSEAQGPQHF,SARS-CoV2,Spike glycoprotein,LTDEMIAQY,,,9,HLA-A*01:01,CASSEAQGPQHF,12,IEDB:1039300,IEDB,2
LTDEMIAQY_CASSYWGGTDTQYF,SARS-CoV2,Spike glycoprotein,LTDEMIAQY,,,9,HLA-A*01:01,CASSYWGGTDTQYF,14,IEDB:1039300,IEDB,2
LTDEMIAQY_CASVNPTGAKNIQYF,SARS-CoV2,Spike glycoprotein,LTDEMIAQY,,,9,HLA-A*01:01,CASVNPTGAKNIQYF,15,IEDB:1039300,IEDB,2
LTDEMIAQY_CASSLGDSYNEQFF,SARS-CoV2,Spike glycoprotein,LTDEMIAQY,,,9,HLA-A*01:01,CASSLGDSYNEQFF,14,IEDB:1039300,IEDB,2
LTDEMIAQY_CSVGTGWPYEQYF,SARS-CoV2,Spike glycoprotein,LTDEMIAQY,,,9,HLA-A*01:01,CSVGTGWPYEQYF,13,IEDB:1039300,IEDB,2
LTDEMIAQY_CASSMPNANTGELFF,SARS-CoV2,Spike glycoprotein,LTDEMIAQY,,,9,HLA-A*01:01,CASSMPNANTGELFF,15,IEDB:1039300,IEDB,2
LTDEMIAQY_CASSLPRANTGELFF,SARS-CoV2,Spike glycoprotein,LTDEMIAQY,,,9,HLA-A*01:01,CASSLPRANTGELFF,15,IEDB:1039300,IEDB,2
LTDEMIAQY_CASINRAANTGELFF,SARS-CoV2,Spike glycoprotein,LTDEMIAQY,,,9,HLA-A*01:01,CASINRAANTGELFF,15,IEDB:1039300,IEDB,2
LTDEMIAQY_CASMVRHANTGELFF,SARS-CoV2,Spike glycoprotein,LTDEMIAQY,,,9,HLA-A*01:01,CASMVRHANTGELFF,15,IEDB:1039300,IEDB,2
LTDEMIAQY_CASSPTVSNTGELFF,SARS-CoV2,Spike glycoprotein,LTDEMIAQY,,,9,HLA-A*01:01,CASSPTVSNTGELFF,15,IEDB:1039300,IEDB,2
LTDEMIAQY_CASLNRAANTGELFF,SARS-CoV2,Spike glycoprotein,LTDEMIAQY,,,9,HLA-A*01:01,CASLNRAANTGELFF,15,IEDB:1039300,IEDB,2
LTDEMIAQY_CSVGQGWPYEQYF,SARS-CoV2,Spike glycoprotein,LTDEMIAQY,,,9,HLA-A*01:01,CSVGQGWPYEQYF,13,IEDB:1039300,IEDB,2
LTDEMIAQY_CSVHQGFPYEQYF,SARS-CoV2,Spike glycoprotein,LTDEMIAQY,,,9,HLA-A*01:01,CSVHQGFPYEQYF,13,IEDB:1039300,IEDB,2
LTDEMIAQY_CASSLVPQGPNYGYTF,SARS-CoV2,Spike glycoprotein,LTDEMIAQY,,,9,HLA-A*01:01,CASSLVPQGPNYGYTF,16,IEDB:1039300,IEDB,2
LTDEMIAQY_CASSLGIGTQPQHF,SARS-CoV2,Spike glycoprotein,LTDEMIAQY,,,9,HLA-A*01:01,CASSLGIGTQPQHF,14,IEDB:1039300,IEDB,2
LTDEMIAQY_CASSLAVNTEAFF,SARS-CoV2,Spike glycoprotein,LTDEMIAQY,,,9,HLA-A*01:01,CASSLAVNTEAFF,13,IEDB:1039300,IEDB,2
LTDEMIAQY_CASSFAVNTEAFF,SARS-CoV2,Spike glycoprotein,LTDEMIAQY,,,9,HLA-A*01:01,CASSFAVNTEAFF,13,IEDB:1039300,IEDB,2
LTDEMIAQY_CASSSRQGPKEYGYTF,SARS-CoV2,Spike glycoprotein,LTDEMIAQY,,,9,HLA-A*01:01,CASSSRQGPKEYGYTF,16,IEDB:1039300,IEDB,2
LTDEMIAQY_CAISGPETNQPQHF,SARS-CoV2,Spike glycoprotein,LTDEMIAQY,,,9,HLA-A*01:01,CAISGPETNQPQHF,14,IEDB:1039300,IEDB,2
LTDEMIAQY_CASSLTDLYGYTF,SARS-CoV2,Spike glycoprotein,LTDEMIAQY,,,9,HLA-A*01:01,CASSLTDLYGYTF,13,IEDB:1039300,IEDB,2
LTDEMIAQY_CASSPRDRVNTGELFF,SARS-CoV2,Spike glycoprotein,LTDEMIAQY,,,9,HLA-A*01:01,CASSPRDRVNTGELFF,16,IEDB:1039300,IEDB,2
YLQPRTFLL_CASSLSLSQGSFGYTF,SARS-CoV2,Spike glycoprotein,YLQPRTFLL,,,9,HLA-A*02:01,CASSLSLSQGSFGYTF,16,IEDB:1039300,IEDB,2
LTDEMIAQY_CASRSGTGTYEQYF,SARS-CoV2,Spike glycoprotein,LTDEMIAQY,,,9,HLA-A*01:01,CASRSGTGTYEQYF,14,IEDB:1039300,IEDB,2
LTDEMIAQY_CAWGLAGGPIEQFF,SARS-CoV2,Spike glycoprotein,LTDEMIAQY,,,9,HLA-A*01:01,CAWGLAGGPIEQFF,14,IEDB:1039300,IEDB,2
LTDEMIAQY_CASHPGTGTSSYNSPLHF,SARS-CoV2,Spike glycoprotein,LTDEMIAQY,,,9,HLA-A*01:01,CASHPGTGTSSYNSPLHF,18,IEDB:1039300,IEDB,2
LTDEMIAQY_CASSQDVGQGVLYGYTF,SARS-CoV2,Spike glycoprotein,LTDEMIAQY,,,9,HLA-A*01:01,CASSQDVGQGVLYGYTF,17,IEDB:1039300,IEDB,2
LTDEMIAQY_CSVGPRQLMNTEAFF,SARS-CoV2,Spike glycoprotein,LTDEMIAQY,,,9,HLA-A*01:01,CSVGPRQLMNTEAFF,15,IEDB:1039300,IEDB,2
LTDEMIAQY_CASRSGQRNTEAFF,SARS-CoV2,Spike glycoprotein,LTDEMIAQY,,,9,HLA-A*01:01,CASRSGQRNTEAFF,14,IEDB:1039300,IEDB,2
FTSDYYQLY_CATSLRTDSYEQYF,SARS-CoV2,ORF3a protein,FTSDYYQLY,,,9,HLA-A*01:01,CATSLRTDSYEQYF,14,IEDB:1039300,IEDB,2
FTSDYYQLY_CSARDPAGVGVDEQYF,SARS-CoV2,ORF3a protein,FTSDYYQLY,,,9,HLA-A*01:01,CSARDPAGVGVDEQYF,16,IEDB:1039300,IEDB,2
FTSDYYQLY_CASSPWTGQGYGYTF,SARS-CoV2,ORF3a protein,FTSDYYQLY,,,9,HLA-A*01:01,CASSPWTGQGYGYTF,15,IEDB:1039300,IEDB,2
FTSDYYQLY_CSVEAGYGYTF,SARS-CoV2,ORF3a protein,FTSDYYQLY,,,9,HLA-A*01:01,CSVEAGYGYTF,11,IEDB:1039300,IEDB,2
FTSDYYQLY_CASSRLDEGQETQYF,SARS-CoV2,ORF3a protein,FTSDYYQLY,,,9,HLA-A*01:01,CASSRLDEGQETQYF,15,IEDB:1039300,IEDB,2
FTSDYYQLY_CASSLLTSGGLRETQYF,SARS-CoV2,ORF3a protein,FTSDYYQLY,,,9,HLA-A*01:01,CASSLLTSGGLRETQYF,17,IEDB:1039300,IEDB,2
FTSDYYQLY_CSVRGPYGAYEQYF,SARS-CoV2,ORF3a protein,FTSDYYQLY,,,9,HLA-A*01:01,CSVRGPYGAYEQYF,14,IEDB:1039300,IEDB,2
FTSDYYQLY_CASSYNPGNNEQFF,SARS-CoV2,ORF3a protein,FTSDYYQLY,,,9,HLA-A*01:01,CASSYNPGNNEQFF,14,IEDB:1039300,IEDB,2
FTSDYYQLY_CASSQTGGLQSHEQFF,SARS-CoV2,ORF3a protein,FTSDYYQLY,,,9,HLA-A*01:01,CASSQTGGLQSHEQFF,16,IEDB:1039300,IEDB,2
FTSDYYQLY_CASSYQDTRGLSPGELFF,SARS-CoV2,ORF3a protein,FTSDYYQLY,,,9,HLA-A*01:01,CASSYQDTRGLSPGELFF,18,IEDB:1039300,IEDB,2
FTSDYYQLY_CASRLRGDSYEQYF,SARS-CoV2,ORF3a protein,FTSDYYQLY,,,9,HLA-A*01:01,CASRLRGDSYEQYF,14,IEDB:1039300,IEDB,2
FTSDYYQLY_CASSGPGTGDGWAEAFF,SARS-CoV2,ORF3a protein,FTSDYYQLY,,,9,HLA-A*01:01,CASSGPGTGDGWAEAFF,17,IEDB:1039300,IEDB,2
FTSDYYQLY_CSVEGVLADYNEQFF,SARS-CoV2,ORF3a protein,FTSDYYQLY,,,9,HLA-A*01:01,CSVEGVLADYNEQFF,15,IEDB:1039300,IEDB,2
FTSDYYQLY_CASSLGGQGDGSPLHF,SARS-CoV2,ORF3a protein,FTSDYYQLY,,,9,HLA-A*01:01,CASSLGGQGDGSPLHF,16,IEDB:1039300,IEDB,2
FTSDYYQLY_CASSLGGSSTDTQYF,SARS-CoV2,ORF3a protein,FTSDYYQLY,,,9,HLA-A*01:01,CASSLGGSSTDTQYF,15,IEDB:1039300,IEDB,2
FTSDYYQLY_CASSLGGGSTDTQYF,SARS-CoV2,ORF3a protein,FTSDYYQLY,,,9,HLA-A*01:01,CASSLGGGSTDTQYF,15,IEDB:1039300,IEDB,2
FTSDYYQLY_CASSPRDTLISGNTIYF,SARS-CoV2,ORF3a protein,FTSDYYQLY,,,9,HLA-A*01:01,CASSPRDTLISGNTIYF,17,IEDB:1039300,IEDB,2
FTSDYYQLY_CASTDLNTGELFF,SARS-CoV2,ORF3a protein,FTSDYYQLY,,,9,HLA-A*01:01,CASTDLNTGELFF,13,IEDB:1039300,IEDB,2
FTSDYYQLY_CASYPHSNTGELFF,SARS-CoV2,ORF3a protein,FTSDYYQLY,,,9,HLA-A*01:01,CASYPHSNTGELFF,14,IEDB:1039300,IEDB,2
FTSDYYQLY_CASSLSSPGNWEETQYF,SARS-CoV2,ORF3a protein,FTSDYYQLY,,,9,HLA-A*01:01,CASSLSSPGNWEETQYF,17,IEDB:1039300,IEDB,2
FTSDYYQLY_CASSRPPGPSGSIFYNEQFF,SARS-CoV2,ORF3a protein,FTSDYYQLY,,,9,HLA-A*01:01,CASSRPPGPSGSIFYNEQFF,20,IEDB:1039300,IEDB,2
FTSDYYQLY_CASSWGGSSTDTQYF,SARS-CoV2,ORF3a protein,FTSDYYQLY,,,9,HLA-A*01:01,CASSWGGSSTDTQYF,15,IEDB:1039300,IEDB,2
FTSDYYQLY_CASSFPSGGGEKLFF,SARS-CoV2,ORF3a protein,FTSDYYQLY,,,9,HLA-A*01:01,CASSFPSGGGEKLFF,15,IEDB:1039300,IEDB,2
FTSDYYQLY_CASSHGGDWDQPQHF,SARS-CoV2,ORF3a protein,FTSDYYQLY,,,9,HLA-A*01:01,CASSHGGDWDQPQHF,15,IEDB:1039300,IEDB,2
FTSDYYQLY_CASSLGGSNTDTQYF,SARS-CoV2,ORF3a protein,FTSDYYQLY,,,9,HLA-A*01:01,CASSLGGSNTDTQYF,15,IEDB:1039300,IEDB,2
FTSDYYQLY_CASSLNRGQETQYF,SARS-CoV2,ORF3a protein,FTSDYYQLY,,,9,HLA-A*01:01,CASSLNRGQETQYF,14,IEDB:1039300,IEDB,2
FTSDYYQLY_CASSVGGASLETQYF,SARS-CoV2,ORF3a protein,FTSDYYQLY,,,9,HLA-A*01:01,CASSVGGASLETQYF,15,IEDB:1039300,IEDB,2
FTSDYYQLY_CAISEQGGNTEAFF,SARS-CoV2,ORF3a protein,FTSDYYQLY,,,9,HLA-A*01:01,CAISEQGGNTEAFF,14,IEDB:1039300,IEDB,2
FTSDYYQLY_CASSQVPGTGYEQYF,SARS-CoV2,ORF3a protein,FTSDYYQLY,,,9,HLA-A*01:01,CASSQVPGTGYEQYF,15,IEDB:1039300,IEDB,2
FTSDYYQLY_CASSYLMTGNEQYF,SARS-CoV2,ORF3a protein,FTSDYYQLY,,,9,HLA-A*01:01,CASSYLMTGNEQYF,14,IEDB:1039300,IEDB,2
FTSDYYQLY_CASSLVGYEQYF,SARS-CoV2,ORF3a protein,FTSDYYQLY,,,9,HLA-A*01:01,CASSLVGYEQYF,12,IEDB:1039300,IEDB,2
FTSDYYQLY_CSANTYDEVQETQYF,SARS-CoV2,ORF3a protein,FTSDYYQLY,,,9,HLA-A*01:01,CSANTYDEVQETQYF,15,IEDB:1039300,IEDB,2
FTSDYYQLY_CASSSWTGVGNEQYF,SARS-CoV2,ORF3a protein,FTSDYYQLY,,,9,HLA-A*01:01,CASSSWTGVGNEQYF,15,IEDB:1039300,IEDB,2
FTSDYYQLY_CASSYHPEGGVSNQPQHF,SARS-CoV2,ORF3a protein,FTSDYYQLY,,,9,HLA-A*01:01,CASSYHPEGGVSNQPQHF,18,IEDB:1039300,IEDB,2
FTSDYYQLY_CASSLQGGNTEAFF,SARS-CoV2,ORF3a protein,FTSDYYQLY,,,9,HLA-A*01:01,CASSLQGGNTEAFF,14,IEDB:1039300,IEDB,2
LTDEMIAQY_CASSLASNQPQHF,SARS-CoV2,Spike glycoprotein,LTDEMIAQY,,,9,HLA-A*01:01,CASSLASNQPQHF,13,IEDB:1039300,IEDB,2
LTDEMIAQY_CASSPQVISGSTDTQYF,SARS-CoV2,Spike glycoprotein,LTDEMIAQY,,,9,HLA-A*01:01,CASSPQVISGSTDTQYF,17,IEDB:1039300,IEDB,2
LTDEMIAQY_CASSYSRASGDDNEQFF,SARS-CoV2,Spike glycoprotein,LTDEMIAQY,,,9,HLA-A*01:01,CASSYSRASGDDNEQFF,17,IEDB:1039300,IEDB,2
LTDEMIAQY_CASTNRGGITYEQYF,SARS-CoV2,Spike glycoprotein,LTDEMIAQY,,,9,HLA-A*01:01,CASTNRGGITYEQYF,15,IEDB:1039300,IEDB,2
LTDEMIAQY_CASSAGEAGELFF,SARS-CoV2,Spike glycoprotein,LTDEMIAQY,,,9,HLA-A*01:01,CASSAGEAGELFF,13,IEDB:1039300,IEDB,2
LTDEMIAQY_CATGLGFDYGYTF,SARS-CoV2,Spike glycoprotein,LTDEMIAQY,,,9,HLA-A*01:01,CATGLGFDYGYTF,13,IEDB:1039300,IEDB,2
LTDEMIAQY_CASSLGQPAGEQFF,SARS-CoV2,Spike glycoprotein,LTDEMIAQY,,,9,HLA-A*01:01,CASSLGQPAGEQFF,14,IEDB:1039300,IEDB,2
LTDEMIAQY_CASSEAQGPQYF,SARS-CoV2,Spike glycoprotein,LTDEMIAQY,,,9,HLA-A*01:01,CASSEAQGPQYF,12,IEDB:1039300,IEDB,2
LTDEMIAQY_CASREGRAYNEQFF,SARS-CoV2,Spike glycoprotein,LTDEMIAQY,,,9,HLA-A*01:01,CASREGRAYNEQFF,14,IEDB:1039300,IEDB,2
LTDEMIAQY_CASSEAPIGNTIYF,SARS-CoV2,Spike glycoprotein,LTDEMIAQY,,,9,HLA-A*01:01,CASSEAPIGNTIYF,14,IEDB:1039300,IEDB,2
LTDEMIAQY_CASSLGGPGTGYEQYF,SARS-CoV2,Spike glycoprotein,LTDEMIAQY,,,9,HLA-A*01:01,CASSLGGPGTGYEQYF,16,IEDB:1039300,IEDB,2
LTDEMIAQY_CARTGQVKAKNIQYF,SARS-CoV2,Spike glycoprotein,LTDEMIAQY,,,9,HLA-A*01:01,CARTGQVKAKNIQYF,15,IEDB:1039300,IEDB,2
LTDEMIAQY_CASSLDWNYGYTF,SARS-CoV2,Spike glycoprotein,LTDEMIAQY,,,9,HLA-A*01:01,CASSLDWNYGYTF,13,IEDB:1039300,IEDB,2
LTDEMIAQY_CASSYRLAGGVPHNEQFF,SARS-CoV2,Spike glycoprotein,LTDEMIAQY,,,9,HLA-A*01:01,CASSYRLAGGVPHNEQFF,18,IEDB:1039300,IEDB,2
LTDEMIAQY_CASSEGITSNQPQHF,SARS-CoV2,Spike glycoprotein,LTDEMIAQY,,,9,HLA-A*01:01,CASSEGITSNQPQHF,15,IEDB:1039300,IEDB,2
TTDPSFLGRY_CASSIPASGTLEQFF,SARS-CoV2,Replicase polyprotein 1a,TTDPSFLGRY,,,10,HLA-A*01:01,CASSIPASGTLEQFF,15,IEDB:1039300,IEDB,2
LTDEMIAQY_CASSRGTSGRGINEQFF,SARS-CoV2,Spike glycoprotein,LTDEMIAQY,,,9,HLA-A*01:01,CASSRGTSGRGINEQFF,17,IEDB:1039300,IEDB,2
LTDEMIAQY_CASRDEGRGRYGANVLTF,SARS-CoV2,Spike glycoprotein,LTDEMIAQY,,,9,HLA-A*01:01,CASRDEGRGRYGANVLTF,18,IEDB:1039300,IEDB,2
LTDEMIAQY_CASNFGLPFGNEQFF,SARS-CoV2,Spike glycoprotein,LTDEMIAQY,,,9,HLA-A*01:01,CASNFGLPFGNEQFF,15,IEDB:1039300,IEDB,2
LTDEMIAQY_CASSLGAGTYEQYF,SARS-CoV2,Spike glycoprotein,LTDEMIAQY,,,9,HLA-A*01:01,CASSLGAGTYEQYF,14,IEDB:1039300,IEDB,2
LTDEMIAQY_CASSLALAGIRYNEQFF,SARS-CoV2,Spike glycoprotein,LTDEMIAQY,,,9,HLA-A*01:01,CASSLALAGIRYNEQFF,17,IEDB:1039300,IEDB,2
LTDEMIAQY_CASSLALAGRNYNEQFF,SARS-CoV2,Spike glycoprotein,LTDEMIAQY,,,9,HLA-A*01:01,CASSLALAGRNYNEQFF,17,IEDB:1039300,IEDB,2
LTDEMIAQY_CARRGDRAEQYF,SARS-CoV2,Spike glycoprotein,LTDEMIAQY,,,9,HLA-A*01:01,CARRGDRAEQYF,12,IEDB:1039300,IEDB,2
LTDEMIAQY_CAISEPGSNTEAFF,SARS-CoV2,Spike glycoprotein,LTDEMIAQY,,,9,HLA-A*01:01,CAISEPGSNTEAFF,14,IEDB:1039300,IEDB,2
LTDEMIAQY_CASSYSRPTGHTEAFF,SARS-CoV2,Spike glycoprotein,LTDEMIAQY,,,9,HLA-A*01:01,CASSYSRPTGHTEAFF,16,IEDB:1039300,IEDB,2
LTDEMIAQY_CASTTEENRPYEQYF,SARS-CoV2,Spike glycoprotein,LTDEMIAQY,,,9,HLA-A*01:01,CASTTEENRPYEQYF,15,IEDB:1039300,IEDB,2
LTDEMIAQY_CASIGMYRNEQFF,SARS-CoV2,Spike glycoprotein,LTDEMIAQY,,,9,HLA-A*01:01,CASIGMYRNEQFF,13,IEDB:1039300,IEDB,2
LTDEMIAQY_CASSLGTKNIQYF,SARS-CoV2,Spike glycoprotein,LTDEMIAQY,,,9,HLA-A*01:01,CASSLGTKNIQYF,13,IEDB:1039300,IEDB,2
TTDPSFLGRY_CASSDDGTGIETQYF,SARS-CoV2,Replicase polyprotein 1a,TTDPSFLGRY,,,10,HLA-A*01:01,CASSDDGTGIETQYF,15,IEDB:1039300,IEDB,2
TTDPSFLGRY_CASSPGQRSYNEQFF,SARS-CoV2,Replicase polyprotein 1a,TTDPSFLGRY,,,10,HLA-A*01:01,CASSPGQRSYNEQFF,15,IEDB:1039300,IEDB,2
TTDPSFLGRY_CASSFLAGAVEQFF,SARS-CoV2,Replicase polyprotein 1a,TTDPSFLGRY,,,10,HLA-A*01:01,CASSFLAGAVEQFF,14,IEDB:1039300,IEDB,2
TTDPSFLGRY_CASSAGDSDGYTF,SARS-CoV2,Replicase polyprotein 1a,TTDPSFLGRY,,,10,HLA-A*01:01,CASSAGDSDGYTF,13,IEDB:1039300,IEDB,2
TTDPSFLGRY_CASSQEGQQWGRDGYTF,SARS-CoV2,Replicase polyprotein 1a,TTDPSFLGRY,,,10,HLA-A*01:01,CASSQEGQQWGRDGYTF,17,IEDB:1039300,IEDB,2
TTDPSFLGRY_CASSLPTGETQYF,SARS-CoV2,Replicase polyprotein 1a,TTDPSFLGRY,,,10,HLA-A*01:01,CASSLPTGETQYF,13,IEDB:1039300,IEDB,2
TTDPSFLGRY_CASSAGDYGYTF,SARS-CoV2,Replicase polyprotein 1a,TTDPSFLGRY,,,10,HLA-A*01:01,CASSAGDYGYTF,12,IEDB:1039300,IEDB,2
TTDPSFLGRY_CASSFTGNDDYEQYF,SARS-CoV2,Replicase polyprotein 1a,TTDPSFLGRY,,,10,HLA-A*01:01,CASSFTGNDDYEQYF,15,IEDB:1039300,IEDB,2
TTDPSFLGRY_CSVRLAGGSGETQYF,SARS-CoV2,Replicase polyprotein 1a,TTDPSFLGRY,,,10,HLA-A*01:01,CSVRLAGGSGETQYF,15,IEDB:1039300,IEDB,2
TTDPSFLGRY_CASSLLYGGGTDTQYF,SARS-CoV2,Replicase polyprotein 1a,TTDPSFLGRY,,,10,HLA-A*01:01,CASSLLYGGGTDTQYF,16,IEDB:1039300,IEDB,2
TTDPSFLGRY_CASSLASGQGPYEQYF,SARS-CoV2,Replicase polyprotein 1a,TTDPSFLGRY,,,10,HLA-A*01:01,CASSLASGQGPYEQYF,16,IEDB:1039300,IEDB,2
TTDPSFLGRY_CASSLVTGEQYF,SARS-CoV2,Replicase polyprotein 1a,TTDPSFLGRY,,,10,HLA-A*01:01,CASSLVTGEQYF,12,IEDB:1039300,IEDB,2
TTDPSFLGRY_CASSYRGSSLSSYEQYF,SARS-CoV2,Replicase polyprotein 1a,TTDPSFLGRY,,,10,HLA-A*01:01,CASSYRGSSLSSYEQYF,17,IEDB:1039300,IEDB,2
TTDPSFLGRY_CASSWTSGSYEQYF,SARS-CoV2,Replicase polyprotein 1a,TTDPSFLGRY,,,10,HLA-A*01:01,CASSWTSGSYEQYF,14,IEDB:1039300,IEDB,2
TTDPSFLGRY_CASIDDSLENYGYTF,SARS-CoV2,Replicase polyprotein 1a,TTDPSFLGRY,,,10,HLA-A*01:01,CASIDDSLENYGYTF,15,IEDB:1039300,IEDB,2
TTDPSFLGRY_CASSFTSGSYEQYF,SARS-CoV2,Replicase polyprotein 1a,TTDPSFLGRY,,,10,HLA-A*01:01,CASSFTSGSYEQYF,14,IEDB:1039300,IEDB,2
TTDPSFLGRY_CASSLSGYNEQFF,SARS-CoV2,Replicase polyprotein 1a,TTDPSFLGRY,,,10,HLA-A*01:01,CASSLSGYNEQFF,13,IEDB:1039300,IEDB,2
TTDPSFLGRY_CASSLVPGHNEQFF,SARS-CoV2,Replicase polyprotein 1a,TTDPSFLGRY,,,10,HLA-A*01:01,CASSLVPGHNEQFF,14,IEDB:1039300,IEDB,2
TTDPSFLGRY_CASTDSDTQYF,SARS-CoV2,Replicase polyprotein 1a,TTDPSFLGRY,,,10,HLA-A*01:01,CASTDSDTQYF,11,IEDB:1039300,IEDB,2
TTDPSFLGRY_CASSPKTGRHQETQYF,SARS-CoV2,Replicase polyprotein 1a,TTDPSFLGRY,,,10,HLA-A*01:01,CASSPKTGRHQETQYF,16,IEDB:1039300,IEDB,2
TTDPSFLGRY_CASGFDAGQGSYEQYF,SARS-CoV2,Replicase polyprotein 1a,TTDPSFLGRY,,,10,HLA-A*01:01,CASGFDAGQGSYEQYF,16,IEDB:1039300,IEDB,2
TTDPSFLGRY_CASSLGLNEQFF,SARS-CoV2,Replicase polyprotein 1a,TTDPSFLGRY,,,10,HLA-A*01:01,CASSLGLNEQFF,12,IEDB:1039300,IEDB,2
TTDPSFLGRY_CATSDLGPTGELFF,SARS-CoV2,Replicase polyprotein 1a,TTDPSFLGRY,,,10,HLA-A*01:01,CATSDLGPTGELFF,14,IEDB:1039300,IEDB,2
LTDEMIAQY_CASSDTQGSQPQHF,SARS-CoV2,Spike glycoprotein,LTDEMIAQY,,,9,HLA-A*01:01,CASSDTQGSQPQHF,14,IEDB:1039300,IEDB,2
LTDEMIAQY_CATSPHQEGRTEAFF,SARS-CoV2,Spike glycoprotein,LTDEMIAQY,,,9,HLA-A*01:01,CATSPHQEGRTEAFF,15,IEDB:1039300,IEDB,2
LTDEMIAQY_CASSSRHSGEKLFF,SARS-CoV2,Spike glycoprotein,LTDEMIAQY,,,9,HLA-A*01:01,CASSSRHSGEKLFF,14,IEDB:1039300,IEDB,2
LTDEMIAQY_CASSGPLAGRRTDTQYF,SARS-CoV2,Spike glycoprotein,LTDEMIAQY,,,9,HLA-A*01:01,CASSGPLAGRRTDTQYF,17,IEDB:1039300,IEDB,2
LTDEMIAQY_CASSLAIGDKVEQYF,SARS-CoV2,Spike glycoprotein,LTDEMIAQY,,,9,HLA-A*01:01,CASSLAIGDKVEQYF,15,IEDB:1039300,IEDB,2
LTDEMIAQY_CASSYGPPYEQYF,SARS-CoV2,Spike glycoprotein,LTDEMIAQY,,,9,HLA-A*01:01,CASSYGPPYEQYF,13,IEDB:1039300,IEDB,2
LTDEMIAQY_CASSRDSGYSPLHF,SARS-CoV2,Spike glycoprotein,LTDEMIAQY,,,9,HLA-A*01:01,CASSRDSGYSPLHF,14,IEDB:1039300,IEDB,2
LTDEMIAQY_CASTGPGGLAAGEQYF,SARS-CoV2,Spike glycoprotein,LTDEMIAQY,,,9,HLA-A*01:01,CASTGPGGLAAGEQYF,16,IEDB:1039300,IEDB,2
LTDEMIAQY_CSVRGTLDSYNEQFF,SARS-CoV2,Spike glycoprotein,LTDEMIAQY,,,9,HLA-A*01:01,CSVRGTLDSYNEQFF,15,IEDB:1039300,IEDB,2
LTDEMIAQY_CASSQGGDDTEAFF,SARS-CoV2,Spike glycoprotein,LTDEMIAQY,,,9,HLA-A*01:01,CASSQGGDDTEAFF,14,IEDB:1039300,IEDB,2
LTDEMIAQY_CASSLVVTGELFF,SARS-CoV2,Spike glycoprotein,LTDEMIAQY,,,9,HLA-A*01:01,CASSLVVTGELFF,13,IEDB:1039300,IEDB,2
LTDEMIAQY_CAWSTGGTWTGELFF,SARS-CoV2,Spike glycoprotein,LTDEMIAQY,,,9,HLA-A*01:01,CAWSTGGTWTGELFF,15,IEDB:1039300,IEDB,2
LTDEMIAQY_CASSGGNTIYF,SARS-CoV2,Spike glycoprotein,LTDEMIAQY,,,9,HLA-A*01:01,CASSGGNTIYF,11,IEDB:1039300,IEDB,2
LTDEMIAQY_CASSLEGIGGYTF,SARS-CoV2,Spike glycoprotein,LTDEMIAQY,,,9,HLA-A*01:01,CASSLEGIGGYTF,13,IEDB:1039300,IEDB,2
LTDEMIAQY_CASSLGLAGGASYNEQFF,SARS-CoV2,Spike glycoprotein,LTDEMIAQY,,,9,HLA-A*01:01,CASSLGLAGGASYNEQFF,18,IEDB:1039300,IEDB,2
LTDEMIAQY_CASSVGLAGVYSYNEQFF,SARS-CoV2,Spike glycoprotein,LTDEMIAQY,,,9,HLA-A*01:01,CASSVGLAGVYSYNEQFF,18,IEDB:1039300,IEDB,2
LTDEMIAQY_CASSVIQGAAGELFF,SARS-CoV2,Spike glycoprotein,LTDEMIAQY,,,9,HLA-A*01:01,CASSVIQGAAGELFF,15,IEDB:1039300,IEDB,2
LTDEMIAQY_CASVDRDWTWGTEAFF,SARS-CoV2,Spike glycoprotein,LTDEMIAQY,,,9,HLA-A*01:01,CASVDRDWTWGTEAFF,16,IEDB:1039300,IEDB,2
LTDEMIAQY_CASSPQVGVANEKLFF,SARS-CoV2,Spike glycoprotein,LTDEMIAQY,,,9,HLA-A*01:01,CASSPQVGVANEKLFF,16,IEDB:1039300,IEDB,2
LTDEMIAQY_CASSLVETNYGYTF,SARS-CoV2,Spike glycoprotein,LTDEMIAQY,,,9,HLA-A*01:01,CASSLVETNYGYTF,14,IEDB:1039300,IEDB,2
LTDEMIAQY_CAWSVGQGAREQYF,SARS-CoV2,Spike glycoprotein,LTDEMIAQY,,,9,HLA-A*01:01,CAWSVGQGAREQYF,14,IEDB:1039300,IEDB,2
LTDEMIAQY_CASSKEAGGPSGELFF,SARS-CoV2,Spike glycoprotein,LTDEMIAQY,,,9,HLA-A*01:01,CASSKEAGGPSGELFF,16,IEDB:1039300,IEDB,2
LTDEMIAQY_CATRGEGAQYSPLHF,SARS-CoV2,Spike glycoprotein,LTDEMIAQY,,,9,HLA-A*01:01,CATRGEGAQYSPLHF,15,IEDB:1039300,IEDB,2
LTDEMIAQY_CASSVAGSSYEQYF,SARS-CoV2,Spike glycoprotein,LTDEMIAQY,,,9,HLA-A*01:01,CASSVAGSSYEQYF,14,IEDB:1039300,IEDB,2
LTDEMIAQY_CAWTRRDGGELFF,SARS-CoV2,Spike glycoprotein,LTDEMIAQY,,,9,HLA-A*01:01,CAWTRRDGGELFF,13,IEDB:1039300,IEDB,2
LTDEMIAQY_CAISEEHTGEYQPQHF,SARS-CoV2,Spike glycoprotein,LTDEMIAQY,,,9,HLA-A*01:01,CAISEEHTGEYQPQHF,16,IEDB:1039300,IEDB,2
LTDEMIAQY_CASSQDGQGAMYEQYF,SARS-CoV2,Spike glycoprotein,LTDEMIAQY,,,9,HLA-A*01:01,CASSQDGQGAMYEQYF,16,IEDB:1039300,IEDB,2
LTDEMIAQY_CASSLAGYEQYF,SARS-CoV2,Spike glycoprotein,LTDEMIAQY,,,9,HLA-A*01:01,CASSLAGYEQYF,12,IEDB:1039300,IEDB,2
LTDEMIAQY_CSARGDRGEGYEQYF,SARS-CoV2,Spike glycoprotein,LTDEMIAQY,,,9,HLA-A*01:01,CSARGDRGEGYEQYF,15,IEDB:1039300,IEDB,2
LTDEMIAQY_CASSPVGWDTEAFF,SARS-CoV2,Spike glycoprotein,LTDEMIAQY,,,9,HLA-A*01:01,CASSPVGWDTEAFF,14,IEDB:1039300,IEDB,2
LTDEMIAQY_CASSQDLGSNQPQHF,SARS-CoV2,Spike glycoprotein,LTDEMIAQY,,,9,HLA-A*01:01,CASSQDLGSNQPQHF,15,IEDB:1039300,IEDB,2
LTDEMIAQY_CASRWAPGELFF,SARS-CoV2,Spike glycoprotein,LTDEMIAQY,,,9,HLA-A*01:01,CASRWAPGELFF,12,IEDB:1039300,IEDB,2
LTDEMIAQY_CASSNPGPWGSPLHF,SARS-CoV2,Spike glycoprotein,LTDEMIAQY,,,9,HLA-A*01:01,CASSNPGPWGSPLHF,15,IEDB:1039300,IEDB,2
LTDEMIAQY_CATTEQGSLIEQYF,SARS-CoV2,Spike glycoprotein,LTDEMIAQY,,,9,HLA-A*01:01,CATTEQGSLIEQYF,14,IEDB:1039300,IEDB,2
LTDEMIAQY_CASSLGGNQPQHF,SARS-CoV2,Spike glycoprotein,LTDEMIAQY,,,9,HLA-A*01:01,CASSLGGNQPQHF,13,IEDB:1039300,IEDB,2
LTDEMIAQY_CASSLPGRGETQYF,SARS-CoV2,Spike glycoprotein,LTDEMIAQY,,,9,HLA-A*01:01,CASSLPGRGETQYF,14,IEDB:1039300,IEDB,2
LTDEMIAQY_CASSYDNGGNTGELFF,SARS-CoV2,Spike glycoprotein,LTDEMIAQY,,,9,HLA-A*01:01,CASSYDNGGNTGELFF,16,IEDB:1039300,IEDB,2
LTDEMIAQY_CASSPLSYEQYF,SARS-CoV2,Spike glycoprotein,LTDEMIAQY,,,9,HLA-A*01:01,CASSPLSYEQYF,12,IEDB:1039300,IEDB,2
LTDEMIAQY_CASRGGVGANNEQFF,SARS-CoV2,Spike glycoprotein,LTDEMIAQY,,,9,HLA-A*01:01,CASRGGVGANNEQFF,15,IEDB:1039300,IEDB,2
LTDEMIAQY_CASSYTRLVQNTGELFF,SARS-CoV2,Spike glycoprotein,LTDEMIAQY,,,9,HLA-A*01:01,CASSYTRLVQNTGELFF,17,IEDB:1039300,IEDB,2
LTDEMIAQY_CASMLRWANTGELFF,SARS-CoV2,Spike glycoprotein,LTDEMIAQY,,,9,HLA-A*01:01,CASMLRWANTGELFF,15,IEDB:1039300,IEDB,2
LTDEMIAQY_CASSPSGSFEQFF,SARS-CoV2,Spike glycoprotein,LTDEMIAQY,,,9,HLA-A*01:01,CASSPSGSFEQFF,13,IEDB:1039300,IEDB,2
LTDEMIAQY_CASSLKAPPHSNTEAFF,SARS-CoV2,Spike glycoprotein,LTDEMIAQY,,,9,HLA-A*01:01,CASSLKAPPHSNTEAFF,17,IEDB:1039300,IEDB,2
LTDEMIAQY_CASSFTGRRETQYF,SARS-CoV2,Spike glycoprotein,LTDEMIAQY,,,9,HLA-A*01:01,CASSFTGRRETQYF,14,IEDB:1039300,IEDB,2
LTDEMIAQY_CASSLDDGDRWGYTF,SARS-CoV2,Spike glycoprotein,LTDEMIAQY,,,9,HLA-A*01:01,CASSLDDGDRWGYTF,15,IEDB:1039300,IEDB,2
LTDEMIAQY_CASSLTGTGALYEQYF,SARS-CoV2,Spike glycoprotein,LTDEMIAQY,,,9,HLA-A*01:01,CASSLTGTGALYEQYF,16,IEDB:1039300,IEDB,2
LTDEMIAQY_CASSYLQGTQETQYF,SARS-CoV2,Spike glycoprotein,LTDEMIAQY,,,9,HLA-A*01:01,CASSYLQGTQETQYF,15,IEDB:1039300,IEDB,2
LTDEMIAQY_CASSPGIPNYGYTF,SARS-CoV2,Spike glycoprotein,LTDEMIAQY,,,9,HLA-A*01:01,CASSPGIPNYGYTF,14,IEDB:1039300,IEDB,2
LTDEMIAQY_CASSLSTSGRTLDTEAFF,SARS-CoV2,Spike glycoprotein,LTDEMIAQY,,,9,HLA-A*01:01,CASSLSTSGRTLDTEAFF,18,IEDB:1039300,IEDB,2
LTDEMIAQY_CASSLAHQTYEQYF,SARS-CoV2,Spike glycoprotein,LTDEMIAQY,,,9,HLA-A*01:01,CASSLAHQTYEQYF,14,IEDB:1039300,IEDB,2
LTDEMIAQY_CASSDSGFGYGYTF,SARS-CoV2,Spike glycoprotein,LTDEMIAQY,,,9,HLA-A*01:01,CASSDSGFGYGYTF,14,IEDB:1039300,IEDB,2
LTDEMIAQY_CASSHLGGPKETQYF,SARS-CoV2,Spike glycoprotein,LTDEMIAQY,,,9,HLA-A*01:01,CASSHLGGPKETQYF,15,IEDB:1039300,IEDB,2
LTDEMIAQY_CASSTGGRGEQFF,SARS-CoV2,Spike glycoprotein,LTDEMIAQY,,,9,HLA-A*01:01,CASSTGGRGEQFF,13,IEDB:1039300,IEDB,2
PTDNYITTY_CASSLTSAYEQYF,SARS-CoV2,orf1ab polyprotein [Severe acute respiratory syndrome coronavirus 2],PTDNYITTY,,,9,HLA-A*01:01,CASSLTSAYEQYF,13,IEDB:1039300,IEDB,2
PTDNYITTY_CAISEDVGQPQHF,SARS-CoV2,orf1ab polyprotein [Severe acute respiratory syndrome coronavirus 2],PTDNYITTY,,,9,HLA-A*01:01,CAISEDVGQPQHF,13,IEDB:1039300,IEDB,2
PTDNYITTY_CASSLKTDSYEQYF,SARS-CoV2,orf1ab polyprotein [Severe acute respiratory syndrome coronavirus 2],PTDNYITTY,,,9,HLA-A*01:01,CASSLKTDSYEQYF,14,IEDB:1039300,IEDB,2
PTDNYITTY_CASSFKTDSYEQYF,SARS-CoV2,orf1ab polyprotein [Severe acute respiratory syndrome coronavirus 2],PTDNYITTY,,,9,HLA-A*01:01,CASSFKTDSYEQYF,14,IEDB:1039300,IEDB,2
PTDNYITTY_CASSSGSNYEQYF,SARS-CoV2,orf1ab polyprotein [Severe acute respiratory syndrome coronavirus 2],PTDNYITTY,,,9,HLA-A*01:01,CASSSGSNYEQYF,13,IEDB:1039300,IEDB,2
PTDNYITTY_CASSLRTDSYEQYF,SARS-CoV2,orf1ab polyprotein [Severe acute respiratory syndrome coronavirus 2],PTDNYITTY,,,9,HLA-A*01:01,CASSLRTDSYEQYF,14,IEDB:1039300,IEDB,2
PTDNYITTY_CSAYYRTDYYGYTF,SARS-CoV2,orf1ab polyprotein [Severe acute respiratory syndrome coronavirus 2],PTDNYITTY,,,9,HLA-A*01:01,CSAYYRTDYYGYTF,14,IEDB:1039300,IEDB,2
PTDNYITTY_CAINKESDSYEQYF,SARS-CoV2,orf1ab polyprotein [Severe acute respiratory syndrome coronavirus 2],PTDNYITTY,,,9,HLA-A*01:01,CAINKESDSYEQYF,14,IEDB:1039300,IEDB,2
PTDNYITTY_CSAIDRVDVYEQYF,SARS-CoV2,orf1ab polyprotein [Severe acute respiratory syndrome coronavirus 2],PTDNYITTY,,,9,HLA-A*01:01,CSAIDRVDVYEQYF,14,IEDB:1039300,IEDB,2
PTDNYITTY_CASSGGGGPDTQYF,SARS-CoV2,orf1ab polyprotein [Severe acute respiratory syndrome coronavirus 2],PTDNYITTY,,,9,HLA-A*01:01,CASSGGGGPDTQYF,14,IEDB:1039300,IEDB,2
PTDNYITTY_CASNPGGGTETQYF,SARS-CoV2,orf1ab polyprotein [Severe acute respiratory syndrome coronavirus 2],PTDNYITTY,,,9,HLA-A*01:01,CASNPGGGTETQYF,14,IEDB:1039300,IEDB,2
PTDNYITTY_CASSLLAGPNTGELFF,SARS-CoV2,orf1ab polyprotein [Severe acute respiratory syndrome coronavirus 2],PTDNYITTY,,,9,HLA-A*01:01,CASSLLAGPNTGELFF,16,IEDB:1039300,IEDB,2
PTDNYITTY_CASSFRTDSYEQYF,SARS-CoV2,orf1ab polyprotein [Severe acute respiratory syndrome coronavirus 2],PTDNYITTY,,,9,HLA-A*01:01,CASSFRTDSYEQYF,14,IEDB:1039300,IEDB,2
PTDNYITTY_CASSFKTDAYEQYF,SARS-CoV2,orf1ab polyprotein [Severe acute respiratory syndrome coronavirus 2],PTDNYITTY,,,9,HLA-A*01:01,CASSFKTDAYEQYF,14,IEDB:1039300,IEDB,2
PTDNYITTY_CASSQRTDSYEQYF,SARS-CoV2,orf1ab polyprotein [Severe acute respiratory syndrome coronavirus 2],PTDNYITTY,,,9,HLA-A*01:01,CASSQRTDSYEQYF,14,IEDB:1039300,IEDB,2
PTDNYITTY_CASRGGYGYTF,SARS-CoV2,orf1ab polyprotein [Severe acute respiratory syndrome coronavirus 2],PTDNYITTY,,,9,HLA-A*01:01,CASRGGYGYTF,11,IEDB:1039300,IEDB,2
PTDNYITTY_CASSLTGFGEQFF,SARS-CoV2,orf1ab polyprotein [Severe acute respiratory syndrome coronavirus 2],PTDNYITTY,,,9,HLA-A*01:01,CASSLTGFGEQFF,13,IEDB:1039300,IEDB,2
PTDNYITTY_CASSFQNGPSPQATQYF,SARS-CoV2,orf1ab polyprotein [Severe acute respiratory syndrome coronavirus 2],PTDNYITTY,,,9,HLA-A*01:01,CASSFQNGPSPQATQYF,17,IEDB:1039300,IEDB,2
PTDNYITTY_CASSPDIDKQYF,SARS-CoV2,orf1ab polyprotein [Severe acute respiratory syndrome coronavirus 2],PTDNYITTY,,,9,HLA-A*01:01,CASSPDIDKQYF,12,IEDB:1039300,IEDB,2
PTDNYITTY_CASSLLQYNEQFF,SARS-CoV2,orf1ab polyprotein [Severe acute respiratory syndrome coronavirus 2],PTDNYITTY,,,9,HLA-A*01:01,CASSLLQYNEQFF,13,IEDB:1039300,IEDB,2
PTDNYITTY_CASSLSSDSYEQYF,SARS-CoV2,orf1ab polyprotein [Severe acute respiratory syndrome coronavirus 2],PTDNYITTY,,,9,HLA-A*01:01,CASSLSSDSYEQYF,14,IEDB:1039300,IEDB,2
TTDPSFLGRY_CASSVDRAQLFGYTF,SARS-CoV2,Replicase polyprotein 1a,TTDPSFLGRY,,,10,HLA-A*01:01,CASSVDRAQLFGYTF,15,IEDB:1039300,IEDB,2
TTDPSFLGRY_CASSLEQGLPHAQYF,SARS-CoV2,Replicase polyprotein 1a,TTDPSFLGRY,,,10,HLA-A*01:01,CASSLEQGLPHAQYF,15,IEDB:1039300,IEDB,2
TTDPSFLGRY_CASSLMLGEETQYF,SARS-CoV2,Replicase polyprotein 1a,TTDPSFLGRY,,,10,HLA-A*01:01,CASSLMLGEETQYF,14,IEDB:1039300,IEDB,2
TTDPSFLGRY_CASSLAGNEQYF,SARS-CoV2,Replicase polyprotein 1a,TTDPSFLGRY,,,10,HLA-A*01:01,CASSLAGNEQYF,12,IEDB:1039300,IEDB,2
TTDPSFLGRY_CASSEGLVYEQYF,SARS-CoV2,Replicase polyprotein 1a,TTDPSFLGRY,,,10,HLA-A*01:01,CASSEGLVYEQYF,13,IEDB:1039300,IEDB,2
TTDPSFLGRY_CASSFAAGSYNEQFF,SARS-CoV2,Replicase polyprotein 1a,TTDPSFLGRY,,,10,HLA-A*01:01,CASSFAAGSYNEQFF,15,IEDB:1039300,IEDB,2
TTDPSFLGRY_CATGQSNTGELFF,SARS-CoV2,Replicase polyprotein 1a,TTDPSFLGRY,,,10,HLA-A*01:01,CATGQSNTGELFF,13,IEDB:1039300,IEDB,2
TTDPSFLGRY_CAIRERQFCRYF,SARS-CoV2,Replicase polyprotein 1a,TTDPSFLGRY,,,10,HLA-A*01:01,CAIRERQFCRYF,12,IEDB:1039300,IEDB,2
LTDEMIAQY_CASQGGAGYLYGYTF,SARS-CoV2,Spike glycoprotein,LTDEMIAQY,,,9,HLA-A*01:01,CASQGGAGYLYGYTF,15,IEDB:1039300,IEDB,2
LTDEMIAQY_CSVHQGWPYEQYF,SARS-CoV2,Spike glycoprotein,LTDEMIAQY,,,9,HLA-A*01:01,CSVHQGWPYEQYF,13,IEDB:1039300,IEDB,2
LTDEMIAQY_CASSEAANQPQHF,SARS-CoV2,Spike glycoprotein,LTDEMIAQY,,,9,HLA-A*01:01,CASSEAANQPQHF,13,IEDB:1039300,IEDB,2
LTDEMIAQY_CASSLPGARSGANVLTF,SARS-CoV2,Spike glycoprotein,LTDEMIAQY,,,9,HLA-A*01:01,CASSLPGARSGANVLTF,17,IEDB:1039300,IEDB,2
LTDEMIAQY_CSVGKGWPYEQYF,SARS-CoV2,Spike glycoprotein,LTDEMIAQY,,,9,HLA-A*01:01,CSVGKGWPYEQYF,13,IEDB:1039300,IEDB,2
LTDEMIAQY_CASSHFVLGPRGGETQYF,SARS-CoV2,Spike glycoprotein,LTDEMIAQY,,,9,HLA-A*01:01,CASSHFVLGPRGGETQYF,18,IEDB:1039300,IEDB,2
LTDEMIAQY_CASSGTVTSSSTDTQYF,SARS-CoV2,Spike glycoprotein,LTDEMIAQY,,,9,HLA-A*01:01,CASSGTVTSSSTDTQYF,17,IEDB:1039300,IEDB,2
LTDEMIAQY_CASSELIEFYEQYF,SARS-CoV2,Spike glycoprotein,LTDEMIAQY,,,9,HLA-A*01:01,CASSELIEFYEQYF,14,IEDB:1039300,IEDB,2
LTDEMIAQY_CASSRGAGHSDGYTF,SARS-CoV2,Spike glycoprotein,LTDEMIAQY,,,9,HLA-A*01:01,CASSRGAGHSDGYTF,15,IEDB:1039300,IEDB,2
LTDEMIAQY_CASSEYLGELFF,SARS-CoV2,Spike glycoprotein,LTDEMIAQY,,,9,HLA-A*01:01,CASSEYLGELFF,12,IEDB:1039300,IEDB,2
LTDEMIAQY_CASSLGFPNQPQHF,SARS-CoV2,Spike glycoprotein,LTDEMIAQY,,,9,HLA-A*01:01,CASSLGFPNQPQHF,14,IEDB:1039300,IEDB,2
LTDEMIAQY_CASSPSTGKVSTEAFF,SARS-CoV2,Spike glycoprotein,LTDEMIAQY,,,9,HLA-A*01:01,CASSPSTGKVSTEAFF,16,IEDB:1039300,IEDB,2
LTDEMIAQY_CASSKLVANTGELFF,SARS-CoV2,Spike glycoprotein,LTDEMIAQY,,,9,HLA-A*01:01,CASSKLVANTGELFF,15,IEDB:1039300,IEDB,2
LTDEMIAQY_CSVLTGWPYEQYF,SARS-CoV2,Spike glycoprotein,LTDEMIAQY,,,9,HLA-A*01:01,CSVLTGWPYEQYF,13,IEDB:1039300,IEDB,2
LTDEMIAQY_CAWSVGGSWVGELFF,SARS-CoV2,Spike glycoprotein,LTDEMIAQY,,,9,HLA-A*01:01,CAWSVGGSWVGELFF,15,IEDB:1039300,IEDB,2
LTDEMIAQY_CASGEDSLVYGYTF,SARS-CoV2,Spike glycoprotein,LTDEMIAQY,,,9,HLA-A*01:01,CASGEDSLVYGYTF,14,IEDB:1039300,IEDB,2
TTDPSFLGRY_CASSQGQGPPYEQYF,SARS-CoV2,Replicase polyprotein 1a,TTDPSFLGRY,,,10,HLA-A*01:01,CASSQGQGPPYEQYF,15,IEDB:1039300,IEDB,2
TTDPSFLGRY_CSARDREGPNYEQYF,SARS-CoV2,Replicase polyprotein 1a,TTDPSFLGRY,,,10,HLA-A*01:01,CSARDREGPNYEQYF,15,IEDB:1039300,IEDB,2
TTDPSFLGRY_CASSLTQGLNTEAFF,SARS-CoV2,Replicase polyprotein 1a,TTDPSFLGRY,,,10,HLA-A*01:01,CASSLTQGLNTEAFF,15,IEDB:1039300,IEDB,2
TTDPSFLGRY_CASSLRDSGDTQYF,SARS-CoV2,Replicase polyprotein 1a,TTDPSFLGRY,,,10,HLA-A*01:01,CASSLRDSGDTQYF,14,IEDB:1039300,IEDB,2
TTDPSFLGRY_CSVLTTGPGQPQHF,SARS-CoV2,Replicase polyprotein 1a,TTDPSFLGRY,,,10,HLA-A*01:01,CSVLTTGPGQPQHF,14,IEDB:1039300,IEDB,2
TTDPSFLGRY_CASSEDRGSYGYTF,SARS-CoV2,Replicase polyprotein 1a,TTDPSFLGRY,,,10,HLA-A*01:01,CASSEDRGSYGYTF,14,IEDB:1039300,IEDB,2
TTDPSFLGRY_CASSLTQGFTEAFF,SARS-CoV2,Replicase polyprotein 1a,TTDPSFLGRY,,,10,HLA-A*01:01,CASSLTQGFTEAFF,14,IEDB:1039300,IEDB,2
TTDPSFLGRY_CSGGTGGFYNEQFF,SARS-CoV2,Replicase polyprotein 1a,TTDPSFLGRY,,,10,HLA-A*01:01,CSGGTGGFYNEQFF,14,IEDB:1039300,IEDB,2
TTDPSFLGRY_CASSQEWREFLREQFF,SARS-CoV2,Replicase polyprotein 1a,TTDPSFLGRY,,,10,HLA-A*01:01,CASSQEWREFLREQFF,16,IEDB:1039300,IEDB,2
TTDPSFLGRY_CASSSRGRTSSYEQYF,SARS-CoV2,Replicase polyprotein 1a,TTDPSFLGRY,,,10,HLA-A*01:01,CASSSRGRTSSYEQYF,16,IEDB:1039300,IEDB,2
TTDPSFLGRY_CASSVAYEQYF,SARS-CoV2,Replicase polyprotein 1a,TTDPSFLGRY,,,10,HLA-A*01:01,CASSVAYEQYF,11,IEDB:1039300,IEDB,2
TTDPSFLGRY_CASSLSDSYEQYF,SARS-CoV2,Replicase polyprotein 1a,TTDPSFLGRY,,,10,HLA-A*01:01,CASSLSDSYEQYF,13,IEDB:1039300,IEDB,2
TTDPSFLGRY_CASSWTQGAYEQYF,SARS-CoV2,Replicase polyprotein 1a,TTDPSFLGRY,,,10,HLA-A*01:01,CASSWTQGAYEQYF,14,IEDB:1039300,IEDB,2
TTDPSFLGRY_CASSLWGAHTEAFF,SARS-CoV2,Replicase polyprotein 1a,TTDPSFLGRY,,,10,HLA-A*01:01,CASSLWGAHTEAFF,14,IEDB:1039300,IEDB,2
TTDPSFLGRY_CASTDGGFGYTF,SARS-CoV2,Replicase polyprotein 1a,TTDPSFLGRY,,,10,HLA-A*01:01,CASTDGGFGYTF,12,IEDB:1039300,IEDB,2
TTDPSFLGRY_CASSLDNSPLHF,SARS-CoV2,Replicase polyprotein 1a,TTDPSFLGRY,,,10,HLA-A*01:01,CASSLDNSPLHF,12,IEDB:1039300,IEDB,2
TTDPSFLGRY_CATWDSDTGELFF,SARS-CoV2,Replicase polyprotein 1a,TTDPSFLGRY,,,10,HLA-A*01:01,CATWDSDTGELFF,13,IEDB:1039300,IEDB,2
TTDPSFLGRY_CASSPGPETGELFF,SARS-CoV2,Replicase polyprotein 1a,TTDPSFLGRY,,,10,HLA-A*01:01,CASSPGPETGELFF,14,IEDB:1039300,IEDB,2
TTDPSFLGRY_CASSLQGVSYEQYF,SARS-CoV2,Replicase polyprotein 1a,TTDPSFLGRY,,,10,HLA-A*01:01,CASSLQGVSYEQYF,14,IEDB:1039300,IEDB,2
TTDPSFLGRY_CASSFENTGELFF,SARS-CoV2,Replicase polyprotein 1a,TTDPSFLGRY,,,10,HLA-A*01:01,CASSFENTGELFF,13,IEDB:1039300,IEDB,2
TTDPSFLGRY_CASSTRATNEKLFF,SARS-CoV2,Replicase polyprotein 1a,TTDPSFLGRY,,,10,HLA-A*01:01,CASSTRATNEKLFF,14,IEDB:1039300,IEDB,2
TTDPSFLGRY_CSARILAGDTGELFF,SARS-CoV2,Replicase polyprotein 1a,TTDPSFLGRY,,,10,HLA-A*01:01,CSARILAGDTGELFF,15,IEDB:1039300,IEDB,2
TTDPSFLGRY_CASSSRAASTDTQYF,SARS-CoV2,Replicase polyprotein 1a,TTDPSFLGRY,,,10,HLA-A*01:01,CASSSRAASTDTQYF,15,IEDB:1039300,IEDB,2
TTDPSFLGRY_CATLSGDIYNEQFF,SARS-CoV2,Replicase polyprotein 1a,TTDPSFLGRY,,,10,HLA-A*01:01,CATLSGDIYNEQFF,14,IEDB:1039300,IEDB,2
TTDPSFLGRY_CASSFAGTADYNSPLHF,SARS-CoV2,Replicase polyprotein 1a,TTDPSFLGRY,,,10,HLA-A*01:01,CASSFAGTADYNSPLHF,17,IEDB:1039300,IEDB,2
TTDPSFLGRY_CSVRGRTHNEQFF,SARS-CoV2,Replicase polyprotein 1a,TTDPSFLGRY,,,10,HLA-A*01:01,CSVRGRTHNEQFF,13,IEDB:1039300,IEDB,2
TTDPSFLGRY_CASSQYRETSDTQYF,SARS-CoV2,Replicase polyprotein 1a,TTDPSFLGRY,,,10,HLA-A*01:01,CASSQYRETSDTQYF,15,IEDB:1039300,IEDB,2
TTDPSFLGRY_CASSYSTTGRYEQFF,SARS-CoV2,Replicase polyprotein 1a,TTDPSFLGRY,,,10,HLA-A*01:01,CASSYSTTGRYEQFF,15,IEDB:1039300,IEDB,2
TTDPSFLGRY_CASSWTQGAGYTF,SARS-CoV2,Replicase polyprotein 1a,TTDPSFLGRY,,,10,HLA-A*01:01,CASSWTQGAGYTF,13,IEDB:1039300,IEDB,2
TTDPSFLGRY_CASSSDPSSDYEQYF,SARS-CoV2,Replicase polyprotein 1a,TTDPSFLGRY,,,10,HLA-A*01:01,CASSSDPSSDYEQYF,15,IEDB:1039300,IEDB,2
TTDPSFLGRY_CASSPLSGLKEYF,SARS-CoV2,Replicase polyprotein 1a,TTDPSFLGRY,,,10,HLA-A*01:01,CASSPLSGLKEYF,13,IEDB:1039300,IEDB,2
TTDPSFLGRY_CASSWTSGSHEQYF,SARS-CoV2,Replicase polyprotein 1a,TTDPSFLGRY,,,10,HLA-A*01:01,CASSWTSGSHEQYF,14,IEDB:1039300,IEDB,2
TTDPSFLGRY_CASSLGGGGGTQPQHF,SARS-CoV2,Replicase polyprotein 1a,TTDPSFLGRY,,,10,HLA-A*01:01,CASSLGGGGGTQPQHF,16,IEDB:1039300,IEDB,2
TTDPSFLGRY_CASSLLGARNEQFF,SARS-CoV2,Replicase polyprotein 1a,TTDPSFLGRY,,,10,HLA-A*01:01,CASSLLGARNEQFF,14,IEDB:1039300,IEDB,2
TTDPSFLGRY_CASSPTSGSTDTQYF,SARS-CoV2,Replicase polyprotein 1a,TTDPSFLGRY,,,10,HLA-A*01:01,CASSPTSGSTDTQYF,15,IEDB:1039300,IEDB,2
TTDPSFLGRY_CASSEWGATEAFF,SARS-CoV2,Replicase polyprotein 1a,TTDPSFLGRY,,,10,HLA-A*01:01,CASSEWGATEAFF,13,IEDB:1039300,IEDB,2
TTDPSFLGRY_CASGLGSSYEQYF,SARS-CoV2,Replicase polyprotein 1a,TTDPSFLGRY,,,10,HLA-A*01:01,CASGLGSSYEQYF,13,IEDB:1039300,IEDB,2
TTDPSFLGRY_CASSPLGTYEQYF,SARS-CoV2,Replicase polyprotein 1a,TTDPSFLGRY,,,10,HLA-A*01:01,CASSPLGTYEQYF,13,IEDB:1039300,IEDB,2
TTDPSFLGRY_CASSLSGLGETQYF,SARS-CoV2,Replicase polyprotein 1a,TTDPSFLGRY,,,10,HLA-A*01:01,CASSLSGLGETQYF,14,IEDB:1039300,IEDB,2
TTDPSFLGRY_CASSAFFESGELFF,SARS-CoV2,Replicase polyprotein 1a,TTDPSFLGRY,,,10,HLA-A*01:01,CASSAFFESGELFF,14,IEDB:1039300,IEDB,2
TTDPSFLGRY_CASSLSLIYEQYF,SARS-CoV2,Replicase polyprotein 1a,TTDPSFLGRY,,,10,HLA-A*01:01,CASSLSLIYEQYF,13,IEDB:1039300,IEDB,2
TTDPSFLGRY_CAWGGSTGDNSPLHF,SARS-CoV2,Replicase polyprotein 1a,TTDPSFLGRY,,,10,HLA-A*01:01,CAWGGSTGDNSPLHF,15,IEDB:1039300,IEDB,2
TTDPSFLGRY_CACAGFLHHTGELFF,SARS-CoV2,Replicase polyprotein 1a,TTDPSFLGRY,,,10,HLA-A*01:01,CACAGFLHHTGELFF,15,IEDB:1039300,IEDB,2
TTDPSFLGRY_CASSLILAGLNQPQHF,SARS-CoV2,Replicase polyprotein 1a,TTDPSFLGRY,,,10,HLA-A*01:01,CASSLILAGLNQPQHF,16,IEDB:1039300,IEDB,2
TTDPSFLGRY_CASSPSGSLEQYF,SARS-CoV2,Replicase polyprotein 1a,TTDPSFLGRY,,,10,HLA-A*01:01,CASSPSGSLEQYF,13,IEDB:1039300,IEDB,2
TTDPSFLGRY_CASSSTSGRADTQYF,SARS-CoV2,Replicase polyprotein 1a,TTDPSFLGRY,,,10,HLA-A*01:01,CASSSTSGRADTQYF,15,IEDB:1039300,IEDB,2
TTDPSFLGRY_CASSEIISGNYGYTF,SARS-CoV2,Replicase polyprotein 1a,TTDPSFLGRY,,,10,HLA-A*01:01,CASSEIISGNYGYTF,15,IEDB:1039300,IEDB,2
TTDPSFLGRY_CASSYGGGQSTGELFF,SARS-CoV2,Replicase polyprotein 1a,TTDPSFLGRY,,,10,HLA-A*01:01,CASSYGGGQSTGELFF,16,IEDB:1039300,IEDB,2
TTDPSFLGRY_CASSQSRDRVDF,SARS-CoV2,Replicase polyprotein 1a,TTDPSFLGRY,,,10,HLA-A*01:01,CASSQSRDRVDF,12,IEDB:1039300,IEDB,2
TTDPSFLGRY_CSVEGTESYEQYF,SARS-CoV2,Replicase polyprotein 1a,TTDPSFLGRY,,,10,HLA-A*01:01,CSVEGTESYEQYF,13,IEDB:1039300,IEDB,2
TTDPSFLGRY_CSVEDRNSYEQYF,SARS-CoV2,Replicase polyprotein 1a,TTDPSFLGRY,,,10,HLA-A*01:01,CSVEDRNSYEQYF,13,IEDB:1039300,IEDB,2
TTDPSFLGRY_CSVEEAGSYEQYF,SARS-CoV2,Replicase polyprotein 1a,TTDPSFLGRY,,,10,HLA-A*01:01,CSVEEAGSYEQYF,13,IEDB:1039300,IEDB,2
TTDPSFLGRY_CSVESSGSYEQYF,SARS-CoV2,Replicase polyprotein 1a,TTDPSFLGRY,,,10,HLA-A*01:01,CSVESSGSYEQYF,13,IEDB:1039300,IEDB,2
TTDPSFLGRY_CSVEGDLSGDEQFF,SARS-CoV2,Replicase polyprotein 1a,TTDPSFLGRY,,,10,HLA-A*01:01,CSVEGDLSGDEQFF,14,IEDB:1039300,IEDB,2
TTDPSFLGRY_CASSISHSTDTQYF,SARS-CoV2,Replicase polyprotein 1a,TTDPSFLGRY,,,10,HLA-A*01:01,CASSISHSTDTQYF,14,IEDB:1039300,IEDB,2
TTDPSFLGRY_CASSPGTSNTGELFF,SARS-CoV2,Replicase polyprotein 1a,TTDPSFLGRY,,,10,HLA-A*01:01,CASSPGTSNTGELFF,15,IEDB:1039300,IEDB,2
TTDPSFLGRY_CASKGGQETQYF,SARS-CoV2,Replicase polyprotein 1a,TTDPSFLGRY,,,10,HLA-A*01:01,CASKGGQETQYF,12,IEDB:1039300,IEDB,2
TTDPSFLGRY_CASRLQGAGTEAFF,SARS-CoV2,Replicase polyprotein 1a,TTDPSFLGRY,,,10,HLA-A*01:01,CASRLQGAGTEAFF,14,IEDB:1039300,IEDB,2
TTDPSFLGRY_CASSLSAPKPFYNSPLHF,SARS-CoV2,Replicase polyprotein 1a,TTDPSFLGRY,,,10,HLA-A*01:01,CASSLSAPKPFYNSPLHF,18,IEDB:1039300,IEDB,2
TTDPSFLGRY_CASSSSAESSYNEQFF,SARS-CoV2,Replicase polyprotein 1a,TTDPSFLGRY,,,10,HLA-A*01:01,CASSSSAESSYNEQFF,16,IEDB:1039300,IEDB,2
TTDPSFLGRY_CASSPGRMSSRYEQYF,SARS-CoV2,Replicase polyprotein 1a,TTDPSFLGRY,,,10,HLA-A*01:01,CASSPGRMSSRYEQYF,16,IEDB:1039300,IEDB,2
TTDPSFLGRY_CASSLSSPQETQYF,SARS-CoV2,Replicase polyprotein 1a,TTDPSFLGRY,,,10,HLA-A*01:01,CASSLSSPQETQYF,14,IEDB:1039300,IEDB,2
TTDPSFLGRY_CASTTGTGYAEAFF,SARS-CoV2,Replicase polyprotein 1a,TTDPSFLGRY,,,10,HLA-A*01:01,CASTTGTGYAEAFF,14,IEDB:1039300,IEDB,2
TTDPSFLGRY_CASRIRGGPGTDTQYF,SARS-CoV2,Replicase polyprotein 1a,TTDPSFLGRY,,,10,HLA-A*01:01,CASRIRGGPGTDTQYF,16,IEDB:1039300,IEDB,2
TTDPSFLGRY_CASSETHSNQPQHF,SARS-CoV2,Replicase polyprotein 1a,TTDPSFLGRY,,,10,HLA-A*01:01,CASSETHSNQPQHF,14,IEDB:1039300,IEDB,2
TTDPSFLGRY_CASSLAGASSYNEQFF,SARS-CoV2,Replicase polyprotein 1a,TTDPSFLGRY,,,10,HLA-A*01:01,CASSLAGASSYNEQFF,16,IEDB:1039300,IEDB,2
TTDPSFLGRY_CASSQTGTLYNEQFF,SARS-CoV2,Replicase polyprotein 1a,TTDPSFLGRY,,,10,HLA-A*01:01,CASSQTGTLYNEQFF,15,IEDB:1039300,IEDB,2
TTDPSFLGRY_CASSTEPLGSDIQYF,SARS-CoV2,Replicase polyprotein 1a,TTDPSFLGRY,,,10,HLA-A*01:01,CASSTEPLGSDIQYF,15,IEDB:1039300,IEDB,2
TTDPSFLGRY_CASSHDGYQPQHF,SARS-CoV2,Replicase polyprotein 1a,TTDPSFLGRY,,,10,HLA-A*01:01,CASSHDGYQPQHF,13,IEDB:1039300,IEDB,2
TTDPSFLGRY_CATSGDYGGSISDTQYF,SARS-CoV2,Replicase polyprotein 1a,TTDPSFLGRY,,,10,HLA-A*01:01,CATSGDYGGSISDTQYF,17,IEDB:1039300,IEDB,2
TTDPSFLGRY_CASRETGRAAGNTIYF,SARS-CoV2,Replicase polyprotein 1a,TTDPSFLGRY,,,10,HLA-A*01:01,CASRETGRAAGNTIYF,16,IEDB:1039300,IEDB,2
TTDPSFLGRY_CATSAASGRAYNEQFF,SARS-CoV2,Replicase polyprotein 1a,TTDPSFLGRY,,,10,HLA-A*01:01,CATSAASGRAYNEQFF,16,IEDB:1039300,IEDB,2
TTDPSFLGRY_CASGIAGPTDTQYF,SARS-CoV2,Replicase polyprotein 1a,TTDPSFLGRY,,,10,HLA-A*01:01,CASGIAGPTDTQYF,14,IEDB:1039300,IEDB,2
TTDPSFLGRY_CASRPPGADTEAFF,SARS-CoV2,Replicase polyprotein 1a,TTDPSFLGRY,,,10,HLA-A*01:01,CASRPPGADTEAFF,14,IEDB:1039300,IEDB,2
TTDPSFLGRY_CASSSTSGVTDTQYF,SARS-CoV2,Replicase polyprotein 1a,TTDPSFLGRY,,,10,HLA-A*01:01,CASSSTSGVTDTQYF,15,IEDB:1039300,IEDB,2
TTDPSFLGRY_CASSFSLRGREPQHF,SARS-CoV2,Replicase polyprotein 1a,TTDPSFLGRY,,,10,HLA-A*01:01,CASSFSLRGREPQHF,15,IEDB:1039300,IEDB,2
TTDPSFLGRY_CASSRPEGEQYF,SARS-CoV2,Replicase polyprotein 1a,TTDPSFLGRY,,,10,HLA-A*01:01,CASSRPEGEQYF,12,IEDB:1039300,IEDB,2
TTDPSFLGRY_CASRTAGNEQYF,SARS-CoV2,Replicase polyprotein 1a,TTDPSFLGRY,,,10,HLA-A*01:01,CASRTAGNEQYF,12,IEDB:1039300,IEDB,2
TTDPSFLGRY_CASSLGQAYEQYF,SARS-CoV2,Replicase polyprotein 1a,TTDPSFLGRY,,,10,HLA-A*01:01,CASSLGQAYEQYF,13,IEDB:1039300,IEDB,2
TTDPSFLGRY_CASSDQGANYEQYF,SARS-CoV2,Replicase polyprotein 1a,TTDPSFLGRY,,,10,HLA-A*01:01,CASSDQGANYEQYF,14,IEDB:1039300,IEDB,2
TTDPSFLGRY_CASYSGTVNSPLHF,SARS-CoV2,Replicase polyprotein 1a,TTDPSFLGRY,,,10,HLA-A*01:01,CASYSGTVNSPLHF,14,IEDB:1039300,IEDB,2
TTDPSFLGRY_CSARDRTSGTYEQYF,SARS-CoV2,Replicase polyprotein 1a,TTDPSFLGRY,,,10,HLA-A*01:01,CSARDRTSGTYEQYF,15,IEDB:1039300,IEDB,2
TTDPSFLGRY_CASSSLNTEAFF,SARS-CoV2,Replicase polyprotein 1a,TTDPSFLGRY,,,10,HLA-A*01:01,CASSSLNTEAFF,12,IEDB:1039300,IEDB,2
TTDPSFLGRY_CASSDRDSQQPQHF,SARS-CoV2,Replicase polyprotein 1a,TTDPSFLGRY,,,10,HLA-A*01:01,CASSDRDSQQPQHF,14,IEDB:1039300,IEDB,2
TTDPSFLGRY_CASTSGGTQHF,SARS-CoV2,Replicase polyprotein 1a,TTDPSFLGRY,,,10,HLA-A*01:01,CASTSGGTQHF,11,IEDB:1039300,IEDB,2
TTDPSFLGRY_CASSPTHSTDTQYF,SARS-CoV2,Replicase polyprotein 1a,TTDPSFLGRY,,,10,HLA-A*01:01,CASSPTHSTDTQYF,14,IEDB:1039300,IEDB,2
TTDPSFLGRY_CASSLGAGGSGEQYF,SARS-CoV2,Replicase polyprotein 1a,TTDPSFLGRY,,,10,HLA-A*01:01,CASSLGAGGSGEQYF,15,IEDB:1039300,IEDB,2
TTDPSFLGRY_CSARDPRTGSSYEQYF,SARS-CoV2,Replicase polyprotein 1a,TTDPSFLGRY,,,10,HLA-A*01:01,CSARDPRTGSSYEQYF,16,IEDB:1039300,IEDB,2
TTDPSFLGRY_CASSQEDAGFSYNEQFF,SARS-CoV2,Replicase polyprotein 1a,TTDPSFLGRY,,,10,HLA-A*01:01,CASSQEDAGFSYNEQFF,17,IEDB:1039300,IEDB,2
TTDPSFLGRY_CASSLQREYPYEQYF,SARS-CoV2,Replicase polyprotein 1a,TTDPSFLGRY,,,10,HLA-A*01:01,CASSLQREYPYEQYF,15,IEDB:1039300,IEDB,2
TTDPSFLGRY_CASSLPDLQETQYF,SARS-CoV2,Replicase polyprotein 1a,TTDPSFLGRY,,,10,HLA-A*01:01,CASSLPDLQETQYF,14,IEDB:1039300,IEDB,2
TTDPSFLGRY_CASSLILMGTSGGEQFF,SARS-CoV2,Replicase polyprotein 1a,TTDPSFLGRY,,,10,HLA-A*01:01,CASSLILMGTSGGEQFF,17,IEDB:1039300,IEDB,2
TTDPSFLGRY_CASSSRAGATDTQYF,SARS-CoV2,Replicase polyprotein 1a,TTDPSFLGRY,,,10,HLA-A*01:01,CASSSRAGATDTQYF,15,IEDB:1039300,IEDB,2
TTDPSFLGRY_CASSPQGVTQYF,SARS-CoV2,Replicase polyprotein 1a,TTDPSFLGRY,,,10,HLA-A*01:01,CASSPQGVTQYF,12,IEDB:1039300,IEDB,2
TTDPSFLGRY_CASSAGTGGYTF,SARS-CoV2,Replicase polyprotein 1a,TTDPSFLGRY,,,10,HLA-A*01:01,CASSAGTGGYTF,12,IEDB:1039300,IEDB,2
TTDPSFLGRY_CASSDRAGTDTQYF,SARS-CoV2,Replicase polyprotein 1a,TTDPSFLGRY,,,10,HLA-A*01:01,CASSDRAGTDTQYF,14,IEDB:1039300,IEDB,2
TTDPSFLGRY_CASSDPGARVWEQYF,SARS-CoV2,Replicase polyprotein 1a,TTDPSFLGRY,,,10,HLA-A*01:01,CASSDPGARVWEQYF,15,IEDB:1039300,IEDB,2
TTDPSFLGRY_CASWTDDNQPQHF,SARS-CoV2,Replicase polyprotein 1a,TTDPSFLGRY,,,10,HLA-A*01:01,CASWTDDNQPQHF,13,IEDB:1039300,IEDB,2
TTDPSFLGRY_CASTLDILGYTF,SARS-CoV2,Replicase polyprotein 1a,TTDPSFLGRY,,,10,HLA-A*01:01,CASTLDILGYTF,12,IEDB:1039300,IEDB,2
TTDPSFLGRY_CAMTTQSSYEQYF,SARS-CoV2,Replicase polyprotein 1a,TTDPSFLGRY,,,10,HLA-A*01:01,CAMTTQSSYEQYF,13,IEDB:1039300,IEDB,2
TTDPSFLGRY_CASWTDSQGETQYF,SARS-CoV2,Replicase polyprotein 1a,TTDPSFLGRY,,,10,HLA-A*01:01,CASWTDSQGETQYF,14,IEDB:1039300,IEDB,2
TTDPSFLGRY_CASSYMGEGEQFF,SARS-CoV2,Replicase polyprotein 1a,TTDPSFLGRY,,,10,HLA-A*01:01,CASSYMGEGEQFF,13,IEDB:1039300,IEDB,2
TTDPSFLGRY_CASRYPSGGYTF,SARS-CoV2,Replicase polyprotein 1a,TTDPSFLGRY,,,10,HLA-A*01:01,CASRYPSGGYTF,12,IEDB:1039300,IEDB,2
TTDPSFLGRY_CASRQAGDEQYF,SARS-CoV2,Replicase polyprotein 1a,TTDPSFLGRY,,,10,HLA-A*01:01,CASRQAGDEQYF,12,IEDB:1039300,IEDB,2
TTDPSFLGRY_CASSYSSRRVYTGELFF,SARS-CoV2,Replicase polyprotein 1a,TTDPSFLGRY,,,10,HLA-A*01:01,CASSYSSRRVYTGELFF,17,IEDB:1039300,IEDB,2
TTDPSFLGRY_CASSFTPGGQETQYF,SARS-CoV2,Replicase polyprotein 1a,TTDPSFLGRY,,,10,HLA-A*01:01,CASSFTPGGQETQYF,15,IEDB:1039300,IEDB,2
TTDPSFLGRY_CASSLSAGLDEQFF,SARS-CoV2,Replicase polyprotein 1a,TTDPSFLGRY,,,10,HLA-A*01:01,CASSLSAGLDEQFF,14,IEDB:1039300,IEDB,2
TTDPSFLGRY_CASTPGSEDTQYF,SARS-CoV2,Replicase polyprotein 1a,TTDPSFLGRY,,,10,HLA-A*01:01,CASTPGSEDTQYF,13,IEDB:1039300,IEDB,2
TTDPSFLGRY_CATDSSSYEQYF,SARS-CoV2,Replicase polyprotein 1a,TTDPSFLGRY,,,10,HLA-A*01:01,CATDSSSYEQYF,12,IEDB:1039300,IEDB,2
TTDPSFLGRY_CASSGLAGTAGETQYF,SARS-CoV2,Replicase polyprotein 1a,TTDPSFLGRY,,,10,HLA-A*01:01,CASSGLAGTAGETQYF,16,IEDB:1039300,IEDB,2
TTDPSFLGRY_CASSLEWLGTTWDEQFF,SARS-CoV2,Replicase polyprotein 1a,TTDPSFLGRY,,,10,HLA-A*01:01,CASSLEWLGTTWDEQFF,17,IEDB:1039300,IEDB,2
TTDPSFLGRY_CASSQEDRWVIGELFF,SARS-CoV2,Replicase polyprotein 1a,TTDPSFLGRY,,,10,HLA-A*01:01,CASSQEDRWVIGELFF,16,IEDB:1039300,IEDB,2
TTDPSFLGRY_CASSTSSPQETQYF,SARS-CoV2,Replicase polyprotein 1a,TTDPSFLGRY,,,10,HLA-A*01:01,CASSTSSPQETQYF,14,IEDB:1039300,IEDB,2
TTDPSFLGRY_CASSLRVAGEQFF,SARS-CoV2,Replicase polyprotein 1a,TTDPSFLGRY,,,10,HLA-A*01:01,CASSLRVAGEQFF,13,IEDB:1039300,IEDB,2
TTDPSFLGRY_CASSLDSPYEQYF,SARS-CoV2,Replicase polyprotein 1a,TTDPSFLGRY,,,10,HLA-A*01:01,CASSLDSPYEQYF,13,IEDB:1039300,IEDB,2
TTDPSFLGRY_CASSFRDGGDTQYF,SARS-CoV2,Replicase polyprotein 1a,TTDPSFLGRY,,,10,HLA-A*01:01,CASSFRDGGDTQYF,14,IEDB:1039300,IEDB,2
TTDPSFLGRY_CASSLRSGQDEQFF,SARS-CoV2,Replicase polyprotein 1a,TTDPSFLGRY,,,10,HLA-A*01:01,CASSLRSGQDEQFF,14,IEDB:1039300,IEDB,2
TTDPSFLGRY_CASSPRSGFDEQYF,SARS-CoV2,Replicase polyprotein 1a,TTDPSFLGRY,,,10,HLA-A*01:01,CASSPRSGFDEQYF,14,IEDB:1039300,IEDB,2
TTDPSFLGRY_CASSYRDGGDEQYF,SARS-CoV2,Replicase polyprotein 1a,TTDPSFLGRY,,,10,HLA-A*01:01,CASSYRDGGDEQYF,14,IEDB:1039300,IEDB,2
TTDPSFLGRY_CASSMRSGSDEQYF,SARS-CoV2,Replicase polyprotein 1a,TTDPSFLGRY,,,10,HLA-A*01:01,CASSMRSGSDEQYF,14,IEDB:1039300,IEDB,2
TTDPSFLGRY_CASSDRAPSSDTQYF,SARS-CoV2,Replicase polyprotein 1a,TTDPSFLGRY,,,10,HLA-A*01:01,CASSDRAPSSDTQYF,15,IEDB:1039300,IEDB,2
TTDPSFLGRY_CASSIEWSGGQETQYF,SARS-CoV2,Replicase polyprotein 1a,TTDPSFLGRY,,,10,HLA-A*01:01,CASSIEWSGGQETQYF,16,IEDB:1039300,IEDB,2
TTDPSFLGRY_CSARDPGTGAYYGYTF,SARS-CoV2,Replicase polyprotein 1a,TTDPSFLGRY,,,10,HLA-A*01:01,CSARDPGTGAYYGYTF,16,IEDB:1039300,IEDB,2
TTDPSFLGRY_CASSLSSPFWEQFF,SARS-CoV2,Replicase polyprotein 1a,TTDPSFLGRY,,,10,HLA-A*01:01,CASSLSSPFWEQFF,14,IEDB:1039300,IEDB,2
TTDPSFLGRY_CASSYGQGITFF,SARS-CoV2,Replicase polyprotein 1a,TTDPSFLGRY,,,10,HLA-A*01:01,CASSYGQGITFF,12,IEDB:1039300,IEDB,2
TTDPSFLGRY_CASSDRTSQETQYF,SARS-CoV2,Replicase polyprotein 1a,TTDPSFLGRY,,,10,HLA-A*01:01,CASSDRTSQETQYF,14,IEDB:1039300,IEDB,2
TTDPSFLGRY_CASSLYESHNEQFF,SARS-CoV2,Replicase polyprotein 1a,TTDPSFLGRY,,,10,HLA-A*01:01,CASSLYESHNEQFF,14,IEDB:1039300,IEDB,2
TTDPSFLGRY_CASSLRSGLDTQYF,SARS-CoV2,Replicase polyprotein 1a,TTDPSFLGRY,,,10,HLA-A*01:01,CASSLRSGLDTQYF,14,IEDB:1039300,IEDB,2
TTDPSFLGRY_CASGLADTDTQYF,SARS-CoV2,Replicase polyprotein 1a,TTDPSFLGRY,,,10,HLA-A*01:01,CASGLADTDTQYF,13,IEDB:1039300,IEDB,2
TTDPSFLGRY_CATTGGPEEKLFF,SARS-CoV2,Replicase polyprotein 1a,TTDPSFLGRY,,,10,HLA-A*01:01,CATTGGPEEKLFF,13,IEDB:1039300,IEDB,2
TTDPSFLGRY_CASGQGFYEQYF,SARS-CoV2,Replicase polyprotein 1a,TTDPSFLGRY,,,10,HLA-A*01:01,CASGQGFYEQYF,12,IEDB:1039300,IEDB,2
TTDPSFLGRY_CASSLSGPLETQYF,SARS-CoV2,Replicase polyprotein 1a,TTDPSFLGRY,,,10,HLA-A*01:01,CASSLSGPLETQYF,14,IEDB:1039300,IEDB,2
TTDPSFLGRY_CASAARQGSDEQYF,SARS-CoV2,Replicase polyprotein 1a,TTDPSFLGRY,,,10,HLA-A*01:01,CASAARQGSDEQYF,14,IEDB:1039300,IEDB,2
TTDPSFLGRY_CASSLRDGGDTQYF,SARS-CoV2,Replicase polyprotein 1a,TTDPSFLGRY,,,10,HLA-A*01:01,CASSLRDGGDTQYF,14,IEDB:1039300,IEDB,2
TTDPSFLGRY_CASTDRWAGDTQYF,SARS-CoV2,Replicase polyprotein 1a,TTDPSFLGRY,,,10,HLA-A*01:01,CASTDRWAGDTQYF,14,IEDB:1039300,IEDB,2
TTDPSFLGRY_CASDSGYTEAFF,SARS-CoV2,Replicase polyprotein 1a,TTDPSFLGRY,,,10,HLA-A*01:01,CASDSGYTEAFF,12,IEDB:1039300,IEDB,2
TTDPSFLGRY_CASSIESGQLWELFF,SARS-CoV2,Replicase polyprotein 1a,TTDPSFLGRY,,,10,HLA-A*01:01,CASSIESGQLWELFF,15,IEDB:1039300,IEDB,2
TTDPSFLGRY_CAIGTGPMNTEAFF,SARS-CoV2,Replicase polyprotein 1a,TTDPSFLGRY,,,10,HLA-A*01:01,CAIGTGPMNTEAFF,14,IEDB:1039300,IEDB,2
TTDPSFLGRY_CASALAQAYEQYF,SARS-CoV2,Replicase polyprotein 1a,TTDPSFLGRY,,,10,HLA-A*01:01,CASALAQAYEQYF,13,IEDB:1039300,IEDB,2
TTDPSFLGRY_CASSGDREQFF,SARS-CoV2,Replicase polyprotein 1a,TTDPSFLGRY,,,10,HLA-A*01:01,CASSGDREQFF,11,IEDB:1039300,IEDB,2
TTDPSFLGRY_CASGDSPLHF,SARS-CoV2,Replicase polyprotein 1a,TTDPSFLGRY,,,10,HLA-A*01:01,CASGDSPLHF,10,IEDB:1039300,IEDB,2
TTDPSFLGRY_CASSLYGQSDSPLHF,SARS-CoV2,Replicase polyprotein 1a,TTDPSFLGRY,,,10,HLA-A*01:01,CASSLYGQSDSPLHF,15,IEDB:1039300,IEDB,2
TTDPSFLGRY_CASSLTAPTDTQYF,SARS-CoV2,Replicase polyprotein 1a,TTDPSFLGRY,,,10,HLA-A*01:01,CASSLTAPTDTQYF,14,IEDB:1039300,IEDB,2
TTDPSFLGRY_CASASELADTDTQYF,SARS-CoV2,Replicase polyprotein 1a,TTDPSFLGRY,,,10,HLA-A*01:01,CASASELADTDTQYF,15,IEDB:1039300,IEDB,2
TTDPSFLGRY_CASSAFRGEGEKLFF,SARS-CoV2,Replicase polyprotein 1a,TTDPSFLGRY,,,10,HLA-A*01:01,CASSAFRGEGEKLFF,15,IEDB:1039300,IEDB,2
TTDPSFLGRY_CASSVSYGYTF,SARS-CoV2,Replicase polyprotein 1a,TTDPSFLGRY,,,10,HLA-A*01:01,CASSVSYGYTF,11,IEDB:1039300,IEDB,2
TTDPSFLGRY_CAIYGGPDGANTGELFF,SARS-CoV2,Replicase polyprotein 1a,TTDPSFLGRY,,,10,HLA-A*01:01,CAIYGGPDGANTGELFF,17,IEDB:1039300,IEDB,2
TTDPSFLGRY_CASSLGGGLNYGYTF,SARS-CoV2,Replicase polyprotein 1a,TTDPSFLGRY,,,10,HLA-A*01:01,CASSLGGGLNYGYTF,15,IEDB:1039300,IEDB,2
TTDPSFLGRY_CASKQGWSNQPQHF,SARS-CoV2,Replicase polyprotein 1a,TTDPSFLGRY,,,10,HLA-A*01:01,CASKQGWSNQPQHF,14,IEDB:1039300,IEDB,2
TTDPSFLGRY_CASSPRDWYNEQFF,SARS-CoV2,Replicase polyprotein 1a,TTDPSFLGRY,,,10,HLA-A*01:01,CASSPRDWYNEQFF,14,IEDB:1039300,IEDB,2
TTDPSFLGRY_CASSQQNQPQHF,SARS-CoV2,Replicase polyprotein 1a,TTDPSFLGRY,,,10,HLA-A*01:01,CASSQQNQPQHF,12,IEDB:1039300,IEDB,2
TTDPSFLGRY_CASSLTGTSNQPQHF,SARS-CoV2,Replicase polyprotein 1a,TTDPSFLGRY,,,10,HLA-A*01:01,CASSLTGTSNQPQHF,15,IEDB:1039300,IEDB,2
TTDPSFLGRY_CASSFPLGGYGYTF,SARS-CoV2,Replicase polyprotein 1a,TTDPSFLGRY,,,10,HLA-A*01:01,CASSFPLGGYGYTF,14,IEDB:1039300,IEDB,2
TTDPSFLGRY_CASSLDGYTGELFF,SARS-CoV2,Replicase polyprotein 1a,TTDPSFLGRY,,,10,HLA-A*01:01,CASSLDGYTGELFF,14,IEDB:1039300,IEDB,2
TTDPSFLGRY_CASTQDSYGYTF,SARS-CoV2,Replicase polyprotein 1a,TTDPSFLGRY,,,10,HLA-A*01:01,CASTQDSYGYTF,12,IEDB:1039300,IEDB,2
TTDPSFLGRY_CATSRAGQGHEQYF,SARS-CoV2,Replicase polyprotein 1a,TTDPSFLGRY,,,10,HLA-A*01:01,CATSRAGQGHEQYF,14,IEDB:1039300,IEDB,2
TTDPSFLGRY_CASSSDPTAGYTF,SARS-CoV2,Replicase polyprotein 1a,TTDPSFLGRY,,,10,HLA-A*01:01,CASSSDPTAGYTF,13,IEDB:1039300,IEDB,2
TTDPSFLGRY_CSVVVISADTQYF,SARS-CoV2,Replicase polyprotein 1a,TTDPSFLGRY,,,10,HLA-A*01:01,CSVVVISADTQYF,13,IEDB:1039300,IEDB,2
TTDPSFLGRY_CSVASSEAFF,SARS-CoV2,Replicase polyprotein 1a,TTDPSFLGRY,,,10,HLA-A*01:01,CSVASSEAFF,10,IEDB:1039300,IEDB,2
TTDPSFLGRY_CASSLDHPWGSPLHF,SARS-CoV2,Replicase polyprotein 1a,TTDPSFLGRY,,,10,HLA-A*01:01,CASSLDHPWGSPLHF,15,IEDB:1039300,IEDB,2
TTDPSFLGRY_CASNPGHSNQPQHF,SARS-CoV2,Replicase polyprotein 1a,TTDPSFLGRY,,,10,HLA-A*01:01,CASNPGHSNQPQHF,14,IEDB:1039300,IEDB,2
TTDPSFLGRY_CSARDGDSISYNEQFF,SARS-CoV2,Replicase polyprotein 1a,TTDPSFLGRY,,,10,HLA-A*01:01,CSARDGDSISYNEQFF,16,IEDB:1039300,IEDB,2
TTDPSFLGRY_CASSPGFPEQFF,SARS-CoV2,Replicase polyprotein 1a,TTDPSFLGRY,,,10,HLA-A*01:01,CASSPGFPEQFF,12,IEDB:1039300,IEDB,2
TTDPSFLGRY_CASEEGYSNQPQHF,SARS-CoV2,Replicase polyprotein 1a,TTDPSFLGRY,,,10,HLA-A*01:01,CASEEGYSNQPQHF,14,IEDB:1039300,IEDB,2
TTDPSFLGRY_CASLGLAGELFF,SARS-CoV2,Replicase polyprotein 1a,TTDPSFLGRY,,,10,HLA-A*01:01,CASLGLAGELFF,12,IEDB:1039300,IEDB,2
TTDPSFLGRY_CASSYPRRSSSYNEQFF,SARS-CoV2,Replicase polyprotein 1a,TTDPSFLGRY,,,10,HLA-A*01:01,CASSYPRRSSSYNEQFF,17,IEDB:1039300,IEDB,2
TTDPSFLGRY_CASSGEGGPWGSLQFF,SARS-CoV2,Replicase polyprotein 1a,TTDPSFLGRY,,,10,HLA-A*01:01,CASSGEGGPWGSLQFF,16,IEDB:1039300,IEDB,2
TTDPSFLGRY_CASSWTEGAYEQYF,SARS-CoV2,Replicase polyprotein 1a,TTDPSFLGRY,,,10,HLA-A*01:01,CASSWTEGAYEQYF,14,IEDB:1039300,IEDB,2
TTDPSFLGRY_CASRPAPGTVTYGYTF,SARS-CoV2,Replicase polyprotein 1a,TTDPSFLGRY,,,10,HLA-A*01:01,CASRPAPGTVTYGYTF,16,IEDB:1039300,IEDB,2
TTDPSFLGRY_CASERRGLSGYTF,SARS-CoV2,Replicase polyprotein 1a,TTDPSFLGRY,,,10,HLA-A*01:01,CASERRGLSGYTF,13,IEDB:1039300,IEDB,2
TTDPSFLGRY_CASSASNGGGETQYF,SARS-CoV2,Replicase polyprotein 1a,TTDPSFLGRY,,,10,HLA-A*01:01,CASSASNGGGETQYF,15,IEDB:1039300,IEDB,2
TTDPSFLGRY_CASTRGAEGGSYNSPLHF,SARS-CoV2,Replicase polyprotein 1a,TTDPSFLGRY,,,10,HLA-A*01:01,CASTRGAEGGSYNSPLHF,18,IEDB:1039300,IEDB,2
TTDPSFLGRY_CASSSRGPHGDEQFF,SARS-CoV2,Replicase polyprotein 1a,TTDPSFLGRY,,,10,HLA-A*01:01,CASSSRGPHGDEQFF,15,IEDB:1039300,IEDB,2
TTDPSFLGRY_CASSLRDGYTDTQYF,SARS-CoV2,Replicase polyprotein 1a,TTDPSFLGRY,,,10,HLA-A*01:01,CASSLRDGYTDTQYF,15,IEDB:1039300,IEDB,2
TTDPSFLGRY_CASSLAGGIVDEQFF,SARS-CoV2,Replicase polyprotein 1a,TTDPSFLGRY,,,10,HLA-A*01:01,CASSLAGGIVDEQFF,15,IEDB:1039300,IEDB,2
TTDPSFLGRY_CASSPRDHQETQYF,SARS-CoV2,Replicase polyprotein 1a,TTDPSFLGRY,,,10,HLA-A*01:01,CASSPRDHQETQYF,14,IEDB:1039300,IEDB,2
TTDPSFLGRY_CASSLYISVGSNTEAFF,SARS-CoV2,Replicase polyprotein 1a,TTDPSFLGRY,,,10,HLA-A*01:01,CASSLYISVGSNTEAFF,17,IEDB:1039300,IEDB,2
TTDPSFLGRY_CASTKGGTDTQYF,SARS-CoV2,Replicase polyprotein 1a,TTDPSFLGRY,,,10,HLA-A*01:01,CASTKGGTDTQYF,13,IEDB:1039300,IEDB,2
TTDPSFLGRY_CASSLTQGGVLFF,SARS-CoV2,Replicase polyprotein 1a,TTDPSFLGRY,,,10,HLA-A*01:01,CASSLTQGGVLFF,13,IEDB:1039300,IEDB,2
TTDPSFLGRY_CSVEQGTYEQYF,SARS-CoV2,Replicase polyprotein 1a,TTDPSFLGRY,,,10,HLA-A*01:01,CSVEQGTYEQYF,12,IEDB:1039300,IEDB,2
TTDPSFLGRY_CASSSLTDTQYF,SARS-CoV2,Replicase polyprotein 1a,TTDPSFLGRY,,,10,HLA-A*01:01,CASSSLTDTQYF,12,IEDB:1039300,IEDB,2
TTDPSFLGRY_CASSEDHRVTGNTIYF,SARS-CoV2,Replicase polyprotein 1a,TTDPSFLGRY,,,10,HLA-A*01:01,CASSEDHRVTGNTIYF,16,IEDB:1039300,IEDB,2
TTDPSFLGRY_CASSVYELSLPGAAQYF,SARS-CoV2,Replicase polyprotein 1a,TTDPSFLGRY,,,10,HLA-A*01:01,CASSVYELSLPGAAQYF,17,IEDB:1039300,IEDB,2
TTDPSFLGRY_CASSLTDSTDTQYF,SARS-CoV2,Replicase polyprotein 1a,TTDPSFLGRY,,,10,HLA-A*01:01,CASSLTDSTDTQYF,14,IEDB:1039300,IEDB,2
TTDPSFLGRY_CASSLKVDGYNEQFF,SARS-CoV2,Replicase polyprotein 1a,TTDPSFLGRY,,,10,HLA-A*01:01,CASSLKVDGYNEQFF,15,IEDB:1039300,IEDB,2
TTDPSFLGRY_CASSVGFPGELFF,SARS-CoV2,Replicase polyprotein 1a,TTDPSFLGRY,,,10,HLA-A*01:01,CASSVGFPGELFF,13,IEDB:1039300,IEDB,2
TTDPSFLGRY_CASSSSGPVNEQFF,SARS-CoV2,Replicase polyprotein 1a,TTDPSFLGRY,,,10,HLA-A*01:01,CASSSSGPVNEQFF,14,IEDB:1039300,IEDB,2
TTDPSFLGRY_CSGKPRGGAIYEQYF,SARS-CoV2,Replicase polyprotein 1a,TTDPSFLGRY,,,10,HLA-A*01:01,CSGKPRGGAIYEQYF,15,IEDB:1039300,IEDB,2
TTDPSFLGRY_CASSEKLPEFNQPQHF,SARS-CoV2,Replicase polyprotein 1a,TTDPSFLGRY,,,10,HLA-A*01:01,CASSEKLPEFNQPQHF,16,IEDB:1039300,IEDB,2
TTDPSFLGRY_CASSRDRGEYNEQFF,SARS-CoV2,Replicase polyprotein 1a,TTDPSFLGRY,,,10,HLA-A*01:01,CASSRDRGEYNEQFF,15,IEDB:1039300,IEDB,2
TTDPSFLGRY_CASSFVSEEHNGYTF,SARS-CoV2,Replicase polyprotein 1a,TTDPSFLGRY,,,10,HLA-A*01:01,CASSFVSEEHNGYTF,15,IEDB:1039300,IEDB,2
ALSKGVHFV_CASSVGAGELFF,SARS-CoV2,ORF3a protein,ALSKGVHFV,,,9,HLA-A*02:01,CASSVGAGELFF,12,IEDB:1039300,IEDB,2
ALSKGVHFV_CASSASLAGVNEQFF,SARS-CoV2,ORF3a protein,ALSKGVHFV,,,9,HLA-A*02:01,CASSASLAGVNEQFF,15,IEDB:1039300,IEDB,2
ALSKGVHFV_CASSLWLNNEQFF,SARS-CoV2,ORF3a protein,ALSKGVHFV,,,9,HLA-A*02:01,CASSLWLNNEQFF,13,IEDB:1039300,IEDB,2
ALSKGVHFV_CASSIVPWDTQYF,SARS-CoV2,ORF3a protein,ALSKGVHFV,,,9,HLA-A*02:01,CASSIVPWDTQYF,13,IEDB:1039300,IEDB,2
ALSKGVHFV_CASSQKLAGDNEQFF,SARS-CoV2,ORF3a protein,ALSKGVHFV,,,9,HLA-A*02:01,CASSQKLAGDNEQFF,15,IEDB:1039300,IEDB,2
ALSKGVHFV_CASSLYGSRPQHF,SARS-CoV2,ORF3a protein,ALSKGVHFV,,,9,HLA-A*02:01,CASSLYGSRPQHF,13,IEDB:1039300,IEDB,2
ALSKGVHFV_CASSTQSTVNIQYF,SARS-CoV2,ORF3a protein,ALSKGVHFV,,,9,HLA-A*02:01,CASSTQSTVNIQYF,14,IEDB:1039300,IEDB,2
YLQPRTFLL_CASSLDIKAFF,SARS-CoV2,Spike glycoprotein,YLQPRTFLL,,,9,HLA-A*02:01,CASSLDIKAFF,11,IEDB:1039300,IEDB,2
YLQPRTFLL_CASSTAGTSGRGELFF,SARS-CoV2,Spike glycoprotein,YLQPRTFLL,,,9,HLA-A*02:01,CASSTAGTSGRGELFF,16,IEDB:1039300,IEDB,2
YLQPRTFLL_CASSMGAISEAFF,SARS-CoV2,Spike glycoprotein,YLQPRTFLL,,,9,HLA-A*02:01,CASSMGAISEAFF,13,IEDB:1039300,IEDB,2
YLQPRTFLL_CATLGTSGHNEQFF,SARS-CoV2,Spike glycoprotein,YLQPRTFLL,,,9,HLA-A*02:01,CATLGTSGHNEQFF,14,IEDB:1039300,IEDB,2
YLQPRTFLL_CASSISGFDGYTF,SARS-CoV2,Spike glycoprotein,YLQPRTFLL,,,9,HLA-A*02:01,CASSISGFDGYTF,13,IEDB:1039300,IEDB,2
YLQPRTFLL_CASSLRLTDRATYEQYF,SARS-CoV2,Spike glycoprotein,YLQPRTFLL,,,9,HLA-A*02:01,CASSLRLTDRATYEQYF,17,IEDB:1039300,IEDB,2
YLQPRTFLL_CASSQDNYGGSPLHF,SARS-CoV2,Spike glycoprotein,YLQPRTFLL,,,9,HLA-A*02:01,CASSQDNYGGSPLHF,15,IEDB:1039300,IEDB,2
YLQPRTFLL_CASSPTPSGQGTADTQYF,SARS-CoV2,Spike glycoprotein,YLQPRTFLL,,,9,HLA-A*02:01,CASSPTPSGQGTADTQYF,18,IEDB:1039300,IEDB,2
YLQPRTFLL_CASSQDPGRGSPLHF,SARS-CoV2,Spike glycoprotein,YLQPRTFLL,,,9,HLA-A*02:01,CASSQDPGRGSPLHF,15,IEDB:1039300,IEDB,2
YLQPRTFLL_CASSILAGGGTDTQYF,SARS-CoV2,Spike glycoprotein,YLQPRTFLL,,,9,HLA-A*02:01,CASSILAGGGTDTQYF,16,IEDB:1039300,IEDB,2
YLQPRTFLL_CASSPRTATYEQYF,SARS-CoV2,Spike glycoprotein,YLQPRTFLL,,,9,HLA-A*02:01,CASSPRTATYEQYF,14,IEDB:1039300,IEDB,2
YLQPRTFLL_CASSYPWDSQSSYNEQFF,SARS-CoV2,Spike glycoprotein,YLQPRTFLL,,,9,HLA-A*02:01,CASSYPWDSQSSYNEQFF,18,IEDB:1039300,IEDB,2
YLQPRTFLL_CASTGADTQYF,SARS-CoV2,Spike glycoprotein,YLQPRTFLL,,,9,HLA-A*02:01,CASTGADTQYF,11,IEDB:1039300,IEDB,2
YLQPRTFLL_CSARDRSSYEQYF,SARS-CoV2,Spike glycoprotein,YLQPRTFLL,,,9,HLA-A*02:01,CSARDRSSYEQYF,13,IEDB:1039300,IEDB,2
YLQPRTFLL_CSASTDRELNEQYF,SARS-CoV2,Spike glycoprotein,YLQPRTFLL,,,9,HLA-A*02:01,CSASTDRELNEQYF,14,IEDB:1039300,IEDB,2
YLQPRTFLL_CSARIARINAYEQYF,SARS-CoV2,Spike glycoprotein,YLQPRTFLL,,,9,HLA-A*02:01,CSARIARINAYEQYF,15,IEDB:1039300,IEDB,2
YLQPRTFLL_CASSLGLSGELFF,SARS-CoV2,Spike glycoprotein,YLQPRTFLL,,,9,HLA-A*02:01,CASSLGLSGELFF,13,IEDB:1039300,IEDB,2
YLQPRTFLL_CASSAGTGFYGYTF,SARS-CoV2,Spike glycoprotein,YLQPRTFLL,,,9,HLA-A*02:01,CASSAGTGFYGYTF,14,IEDB:1039300,IEDB,2
YLQPRTFLL_CASSLAGGFTGELFF,SARS-CoV2,Spike glycoprotein,YLQPRTFLL,,,9,HLA-A*02:01,CASSLAGGFTGELFF,15,IEDB:1039300,IEDB,2
YLQPRTFLL_CASSLGGGKISYNEQFF,SARS-CoV2,Spike glycoprotein,YLQPRTFLL,,,9,HLA-A*02:01,CASSLGGGKISYNEQFF,17,IEDB:1039300,IEDB,2
YLQPRTFLL_CSASLGGITSSTDTQYF,SARS-CoV2,Spike glycoprotein,YLQPRTFLL,,,9,HLA-A*02:01,CSASLGGITSSTDTQYF,17,IEDB:1039300,IEDB,2
YLQPRTFLL_CASSLGASSYNEQFF,SARS-CoV2,Spike glycoprotein,YLQPRTFLL,,,9,HLA-A*02:01,CASSLGASSYNEQFF,15,IEDB:1039300,IEDB,2
ALSKGVHFV_CASSPRGGGIYEQYF,SARS-CoV2,ORF3a protein,ALSKGVHFV,,,9,HLA-A*02:01,CASSPRGGGIYEQYF,15,IEDB:1039300,IEDB,2
ALSKGVHFV_CASSQDWARGTGSYEQYF,SARS-CoV2,ORF3a protein,ALSKGVHFV,,,9,HLA-A*02:01,CASSQDWARGTGSYEQYF,18,IEDB:1039300,IEDB,2
ALSKGVHFV_CASSAEANTEAFF,SARS-CoV2,ORF3a protein,ALSKGVHFV,,,9,HLA-A*02:01,CASSAEANTEAFF,13,IEDB:1039300,IEDB,2
ALSKGVHFV_CASSQDASGGPDIQYF,SARS-CoV2,ORF3a protein,ALSKGVHFV,,,9,HLA-A*02:01,CASSQDASGGPDIQYF,16,IEDB:1039300,IEDB,2
ALSKGVHFV_CASIEGQGGGTDTQYF,SARS-CoV2,ORF3a protein,ALSKGVHFV,,,9,HLA-A*02:01,CASIEGQGGGTDTQYF,16,IEDB:1039300,IEDB,2
ALSKGVHFV_CASSVAIERAPNYEQYF,SARS-CoV2,ORF3a protein,ALSKGVHFV,,,9,HLA-A*02:01,CASSVAIERAPNYEQYF,17,IEDB:1039300,IEDB,2
YLQPRTFLL_CASSHRNTLEAFF,SARS-CoV2,Spike glycoprotein,YLQPRTFLL,,,9,HLA-A*02:01,CASSHRNTLEAFF,13,IEDB:1039300,IEDB,2
YLQPRTFLL_CASSVAYRGNEQFF,SARS-CoV2,Spike glycoprotein,YLQPRTFLL,,,9,HLA-A*02:01,CASSVAYRGNEQFF,14,IEDB:1039300,IEDB,2
YLQPRTFLL_CAIEDRNTGELFF,SARS-CoV2,Spike glycoprotein,YLQPRTFLL,,,9,HLA-A*02:01,CAIEDRNTGELFF,13,IEDB:1039300,IEDB,2
YLQPRTFLL_CASSSDISAFF,SARS-CoV2,Spike glycoprotein,YLQPRTFLL,,,9,HLA-A*02:01,CASSSDISAFF,11,IEDB:1039300,IEDB,2
YLQPRTFLL_CASSAPDRGNTEAFF,SARS-CoV2,Spike glycoprotein,YLQPRTFLL,,,9,HLA-A*02:01,CASSAPDRGNTEAFF,15,IEDB:1039300,IEDB,2
YLQPRTFLL_CASSPDIEQFF,SARS-CoV2,Spike glycoprotein,YLQPRTFLL,,,9,HLA-A*02:01,CASSPDIEQFF,11,IEDB:1039300,IEDB,2
YLQPRTFLL_CSARGEVEMNTGELFF,SARS-CoV2,Spike glycoprotein,YLQPRTFLL,,,9,HLA-A*02:01,CSARGEVEMNTGELFF,16,IEDB:1039300,IEDB,2
YLQPRTFLL_CSARDLGAQNTGELFF,SARS-CoV2,Spike glycoprotein,YLQPRTFLL,,,9,HLA-A*02:01,CSARDLGAQNTGELFF,16,IEDB:1039300,IEDB,2
YLQPRTFLL_CASQGLNTGELFF,SARS-CoV2,Spike glycoprotein,YLQPRTFLL,,,9,HLA-A*02:01,CASQGLNTGELFF,13,IEDB:1039300,IEDB,2
YLQPRTFLL_CASQELDTGELFF,SARS-CoV2,Spike glycoprotein,YLQPRTFLL,,,9,HLA-A*02:01,CASQELDTGELFF,13,IEDB:1039300,IEDB,2
YLQPRTFLL_CSARDGVAHNTGELFF,SARS-CoV2,Spike glycoprotein,YLQPRTFLL,,,9,HLA-A*02:01,CSARDGVAHNTGELFF,16,IEDB:1039300,IEDB,2
YLQPRTFLL_CASSEQNTGELFF,SARS-CoV2,Spike glycoprotein,YLQPRTFLL,,,9,HLA-A*02:01,CASSEQNTGELFF,13,IEDB:1039300,IEDB,2
YLQPRTFLL_CASPDANTGELFF,SARS-CoV2,Spike glycoprotein,YLQPRTFLL,,,9,HLA-A*02:01,CASPDANTGELFF,13,IEDB:1039300,IEDB,2
YLQPRTFLL_CARGDRNTGELFF,SARS-CoV2,Spike glycoprotein,YLQPRTFLL,,,9,HLA-A*02:01,CARGDRNTGELFF,13,IEDB:1039300,IEDB,2
YLQPRTFLL_CASTETNTGELFF,SARS-CoV2,Spike glycoprotein,YLQPRTFLL,,,9,HLA-A*02:01,CASTETNTGELFF,13,IEDB:1039300,IEDB,2
YLQPRTFLL_CATLTDANTGELFF,SARS-CoV2,Spike glycoprotein,YLQPRTFLL,,,9,HLA-A*02:01,CATLTDANTGELFF,14,IEDB:1039300,IEDB,2
YLQPRTFLL_CAWGSMNTGELFF,SARS-CoV2,Spike glycoprotein,YLQPRTFLL,,,9,HLA-A*02:01,CAWGSMNTGELFF,13,IEDB:1039300,IEDB,2
YLQPRTFLL_CASSPVAGGNTGELFF,SARS-CoV2,Spike glycoprotein,YLQPRTFLL,,,9,HLA-A*02:01,CASSPVAGGNTGELFF,16,IEDB:1039300,IEDB,2
YLQPRTFLL_CASSESNSLEAFF,SARS-CoV2,Spike glycoprotein,YLQPRTFLL,,,9,HLA-A*02:01,CASSESNSLEAFF,13,IEDB:1039300,IEDB,2
YLQPRTFLL_CASIVRNSLEAFF,SARS-CoV2,Spike glycoprotein,YLQPRTFLL,,,9,HLA-A*02:01,CASIVRNSLEAFF,13,IEDB:1039300,IEDB,2
YLQPRTFLL_CASGGTNTGELFF,SARS-CoV2,Spike glycoprotein,YLQPRTFLL,,,9,HLA-A*02:01,CASGGTNTGELFF,13,IEDB:1039300,IEDB,2
YLQPRTFLL_CAEQDMNTGELFF,SARS-CoV2,Spike glycoprotein,YLQPRTFLL,,,9,HLA-A*02:01,CAEQDMNTGELFF,13,IEDB:1039300,IEDB,2
YLQPRTFLL_CASTDDIEAFF,SARS-CoV2,Spike glycoprotein,YLQPRTFLL,,,9,HLA-A*02:01,CASTDDIEAFF,11,IEDB:1039300,IEDB,2
YLQPRTFLL_CASSWDRFNEQFF,SARS-CoV2,Spike glycoprotein,YLQPRTFLL,,,9,HLA-A*02:01,CASSWDRFNEQFF,13,IEDB:1039300,IEDB,2
YLQPRTFLL_CAWQVMNTGELFF,SARS-CoV2,Spike glycoprotein,YLQPRTFLL,,,9,HLA-A*02:01,CAWQVMNTGELFF,13,IEDB:1039300,IEDB,2
YLQPRTFLL_CALGSANTGELFF,SARS-CoV2,Spike glycoprotein,YLQPRTFLL,,,9,HLA-A*02:01,CALGSANTGELFF,13,IEDB:1039300,IEDB,2
YLQPRTFLL_CSARDPWQVNTGELFF,SARS-CoV2,Spike glycoprotein,YLQPRTFLL,,,9,HLA-A*02:01,CSARDPWQVNTGELFF,16,IEDB:1039300,IEDB,2
YLQPRTFLL_CASRGRQGRWSSGANVLTF,SARS-CoV2,Spike glycoprotein,YLQPRTFLL,,,9,HLA-A*02:01,CASRGRQGRWSSGANVLTF,19,IEDB:1039300,IEDB,2
YLQPRTFLL_CASSDLDTGELFF,SARS-CoV2,Spike glycoprotein,YLQPRTFLL,,,9,HLA-A*02:01,CASSDLDTGELFF,13,IEDB:1039300,IEDB,2
YLQPRTFLL_CASSPEDTQYF,SARS-CoV2,Spike glycoprotein,YLQPRTFLL,,,9,HLA-A*02:01,CASSPEDTQYF,11,IEDB:1039300,IEDB,2
YLQPRTFLL_CASQDRNTGELFF,SARS-CoV2,Spike glycoprotein,YLQPRTFLL,,,9,HLA-A*02:01,CASQDRNTGELFF,13,IEDB:1039300,IEDB,2
YLQPRTFLL_CASSADIEAFF,SARS-CoV2,Spike glycoprotein,YLQPRTFLL,,,9,HLA-A*02:01,CASSADIEAFF,11,IEDB:1039300,IEDB,2
YLQPRTFLL_CASSGGYEQYF,SARS-CoV2,Spike glycoprotein,YLQPRTFLL,,,9,HLA-A*02:01,CASSGGYEQYF,11,IEDB:1039300,IEDB,2
YLQPRTFLL_CATQGMNTGELFF,SARS-CoV2,Spike glycoprotein,YLQPRTFLL,,,9,HLA-A*02:01,CATQGMNTGELFF,13,IEDB:1039300,IEDB,2
YLQPRTFLL_CALSDQNTGELFF,SARS-CoV2,Spike glycoprotein,YLQPRTFLL,,,9,HLA-A*02:01,CALSDQNTGELFF,13,IEDB:1039300,IEDB,2
YLQPRTFLL_CASGDTNTGELFF,SARS-CoV2,Spike glycoprotein,YLQPRTFLL,,,9,HLA-A*02:01,CASGDTNTGELFF,13,IEDB:1039300,IEDB,2
YLQPRTFLL_CAFGQQNTGELFF,SARS-CoV2,Spike glycoprotein,YLQPRTFLL,,,9,HLA-A*02:01,CAFGQQNTGELFF,13,IEDB:1039300,IEDB,2
YLQPRTFLL_CASSLDIELFF,SARS-CoV2,Spike glycoprotein,YLQPRTFLL,,,9,HLA-A*02:01,CASSLDIELFF,11,IEDB:1039300,IEDB,2
YLQPRTFLL_CSARTDHNTGELFF,SARS-CoV2,Spike glycoprotein,YLQPRTFLL,,,9,HLA-A*02:01,CSARTDHNTGELFF,14,IEDB:1039300,IEDB,2
YLQPRTFLL_CGSGIQNTGELFF,SARS-CoV2,Spike glycoprotein,YLQPRTFLL,,,9,HLA-A*02:01,CGSGIQNTGELFF,13,IEDB:1039300,IEDB,2
YLQPRTFLL_CATGLANTGELFF,SARS-CoV2,Spike glycoprotein,YLQPRTFLL,,,9,HLA-A*02:01,CATGLANTGELFF,13,IEDB:1039300,IEDB,2
YLQPRTFLL_CSVEKDRNTGELFF,SARS-CoV2,Spike glycoprotein,YLQPRTFLL,,,9,HLA-A*02:01,CSVEKDRNTGELFF,14,IEDB:1039300,IEDB,2
YLQPRTFLL_CASSPDIEQYF,SARS-CoV2,Spike glycoprotein,YLQPRTFLL,,,9,HLA-A*02:01,CASSPDIEQYF,11,IEDB:1039300,IEDB,2
YLQPRTFLL_CSAHRDQNTGELFF,SARS-CoV2,Spike glycoprotein,YLQPRTFLL,,,9,HLA-A*02:01,CSAHRDQNTGELFF,14,IEDB:1039300,IEDB,2
YLQPRTFLL_CASTEGNTGELFF,SARS-CoV2,Spike glycoprotein,YLQPRTFLL,,,9,HLA-A*02:01,CASTEGNTGELFF,13,IEDB:1039300,IEDB,2
YLQPRTFLL_CAWEDRNTGELFF,SARS-CoV2,Spike glycoprotein,YLQPRTFLL,,,9,HLA-A*02:01,CAWEDRNTGELFF,13,IEDB:1039300,IEDB,2
YLQPRTFLL_CASSLEIEQYF,SARS-CoV2,Spike glycoprotein,YLQPRTFLL,,,9,HLA-A*02:01,CASSLEIEQYF,11,IEDB:1039300,IEDB,2
YLQPRTFLL_CAGQDSNTGELFF,SARS-CoV2,Spike glycoprotein,YLQPRTFLL,,,9,HLA-A*02:01,CAGQDSNTGELFF,13,IEDB:1039300,IEDB,2
YLQPRTFLL_CASSPHPSDTQYF,SARS-CoV2,Spike glycoprotein,YLQPRTFLL,,,9,HLA-A*02:01,CASSPHPSDTQYF,13,IEDB:1039300,IEDB,2
YLQPRTFLL_CAISESVRNSNQPQHF,SARS-CoV2,Spike glycoprotein,YLQPRTFLL,,,9,HLA-A*02:01,CAISESVRNSNQPQHF,16,IEDB:1039300,IEDB,2
YLQPRTFLL_CASSGSPGTGDYGYTF,SARS-CoV2,Spike glycoprotein,YLQPRTFLL,,,9,HLA-A*02:01,CASSGSPGTGDYGYTF,16,IEDB:1039300,IEDB,2
YLQPRTFLL_CASSQAQAGNTIYF,SARS-CoV2,Spike glycoprotein,YLQPRTFLL,,,9,HLA-A*02:01,CASSQAQAGNTIYF,14,IEDB:1039300,IEDB,2
YLQPRTFLL_CASSYRGTGLNEQFF,SARS-CoV2,Spike glycoprotein,YLQPRTFLL,,,9,HLA-A*02:01,CASSYRGTGLNEQFF,15,IEDB:1039300,IEDB,2
YLQPRTFLL_CSAYDRGVSSNQPQHF,SARS-CoV2,Spike glycoprotein,YLQPRTFLL,,,9,HLA-A*02:01,CSAYDRGVSSNQPQHF,16,IEDB:1039300,IEDB,2
YLQPRTFLL_CASSLGPEAFF,SARS-CoV2,Spike glycoprotein,YLQPRTFLL,,,9,HLA-A*02:01,CASSLGPEAFF,11,IEDB:1039300,IEDB,2
YLQPRTFLL_CASSESTGYGYTF,SARS-CoV2,Spike glycoprotein,YLQPRTFLL,,,9,HLA-A*02:01,CASSESTGYGYTF,13,IEDB:1039300,IEDB,2
YLQPRTFLL_CASSYGNQPQHF,SARS-CoV2,Spike glycoprotein,YLQPRTFLL,,,9,HLA-A*02:01,CASSYGNQPQHF,12,IEDB:1039300,IEDB,2
YLQPRTFLL_CASSSTPNRGLAVGQYF,SARS-CoV2,Spike glycoprotein,YLQPRTFLL,,,9,HLA-A*02:01,CASSSTPNRGLAVGQYF,17,IEDB:1039300,IEDB,2
YLQPRTFLL_CASSTRTEGTEAFF,SARS-CoV2,Spike glycoprotein,YLQPRTFLL,,,9,HLA-A*02:01,CASSTRTEGTEAFF,14,IEDB:1039300,IEDB,2
YLQPRTFLL_CASSLDIEQYF,SARS-CoV2,Spike glycoprotein,YLQPRTFLL,,,9,HLA-A*02:01,CASSLDIEQYF,11,IEDB:1039300,IEDB,2
YLQPRTFLL_CASSHPSEGSRKKYEQYF,SARS-CoV2,Spike glycoprotein,YLQPRTFLL,,,9,HLA-A*02:01,CASSHPSEGSRKKYEQYF,18,IEDB:1039300,IEDB,2
YLQPRTFLL_CASTNWGLRQPQHF,SARS-CoV2,Spike glycoprotein,YLQPRTFLL,,,9,HLA-A*02:01,CASTNWGLRQPQHF,14,IEDB:1039300,IEDB,2
YLQPRTFLL_CASSPTGEPNYGYTF,SARS-CoV2,Spike glycoprotein,YLQPRTFLL,,,9,HLA-A*02:01,CASSPTGEPNYGYTF,15,IEDB:1039300,IEDB,2
YLQPRTFLL_CASSDLKGSTDTQYF,SARS-CoV2,Spike glycoprotein,YLQPRTFLL,,,9,HLA-A*02:01,CASSDLKGSTDTQYF,15,IEDB:1039300,IEDB,2
YLQPRTFLL_CACTGRGGNGYTF,SARS-CoV2,Spike glycoprotein,YLQPRTFLL,,,9,HLA-A*02:01,CACTGRGGNGYTF,13,IEDB:1039300,IEDB,2
YLQPRTFLL_CASRTDGLAGYNEQFF,SARS-CoV2,Spike glycoprotein,YLQPRTFLL,,,9,HLA-A*02:01,CASRTDGLAGYNEQFF,16,IEDB:1039300,IEDB,2
TTDPSFLGRY_CASRWTDGIMNTEAFF,SARS-CoV2,Replicase polyprotein 1a,TTDPSFLGRY,,,10,HLA-A*01:01,CASRWTDGIMNTEAFF,16,IEDB:1039300,IEDB,2
TTDPSFLGRY_CASSSDLGGGTDTQYF,SARS-CoV2,Replicase polyprotein 1a,TTDPSFLGRY,,,10,HLA-A*01:01,CASSSDLGGGTDTQYF,16,IEDB:1039300,IEDB,2
TTDPSFLGRY_CASDLLNRASYEQYF,SARS-CoV2,Replicase polyprotein 1a,TTDPSFLGRY,,,10,HLA-A*01:01,CASDLLNRASYEQYF,15,IEDB:1039300,IEDB,2
TTDPSFLGRY_CASSVEETSAGGHEQFF,SARS-CoV2,Replicase polyprotein 1a,TTDPSFLGRY,,,10,HLA-A*01:01,CASSVEETSAGGHEQFF,17,IEDB:1039300,IEDB,2
TTDPSFLGRY_CASSPNQGLTQYEQYF,SARS-CoV2,Replicase polyprotein 1a,TTDPSFLGRY,,,10,HLA-A*01:01,CASSPNQGLTQYEQYF,16,IEDB:1039300,IEDB,2
TTDPSFLGRY_CASSLAPGVSQTQYF,SARS-CoV2,Replicase polyprotein 1a,TTDPSFLGRY,,,10,HLA-A*01:01,CASSLAPGVSQTQYF,15,IEDB:1039300,IEDB,2
TTDPSFLGRY_CASSLDSSYEQYF,SARS-CoV2,Replicase polyprotein 1a,TTDPSFLGRY,,,10,HLA-A*01:01,CASSLDSSYEQYF,13,IEDB:1039300,IEDB,2
TTDPSFLGRY_CASGTGGTETQYF,SARS-CoV2,Replicase polyprotein 1a,TTDPSFLGRY,,,10,HLA-A*01:01,CASGTGGTETQYF,13,IEDB:1039300,IEDB,2
TTDPSFLGRY_CASSLRQGADTQYF,SARS-CoV2,Replicase polyprotein 1a,TTDPSFLGRY,,,10,HLA-A*01:01,CASSLRQGADTQYF,14,IEDB:1039300,IEDB,2
TTDPSFLGRY_CASSFRTSGNEQYF,SARS-CoV2,Replicase polyprotein 1a,TTDPSFLGRY,,,10,HLA-A*01:01,CASSFRTSGNEQYF,14,IEDB:1039300,IEDB,2
TTDPSFLGRY_CASSFGDQPQHF,SARS-CoV2,Replicase polyprotein 1a,TTDPSFLGRY,,,10,HLA-A*01:01,CASSFGDQPQHF,12,IEDB:1039300,IEDB,2
TTDPSFLGRY_CASSLGRGSNTQYF,SARS-CoV2,Replicase polyprotein 1a,TTDPSFLGRY,,,10,HLA-A*01:01,CASSLGRGSNTQYF,14,IEDB:1039300,IEDB,2
TTDPSFLGRY_CASSTARLGDTGELFF,SARS-CoV2,Replicase polyprotein 1a,TTDPSFLGRY,,,10,HLA-A*01:01,CASSTARLGDTGELFF,16,IEDB:1039300,IEDB,2
TTDPSFLGRY_CASTWGTDYNEQFF,SARS-CoV2,Replicase polyprotein 1a,TTDPSFLGRY,,,10,HLA-A*01:01,CASTWGTDYNEQFF,14,IEDB:1039300,IEDB,2
TTDPSFLGRY_CASSLVGGAGEQYF,SARS-CoV2,Replicase polyprotein 1a,TTDPSFLGRY,,,10,HLA-A*01:01,CASSLVGGAGEQYF,14,IEDB:1039300,IEDB,2
TTDPSFLGRY_CASSHRSGWETQYF,SARS-CoV2,Replicase polyprotein 1a,TTDPSFLGRY,,,10,HLA-A*01:01,CASSHRSGWETQYF,14,IEDB:1039300,IEDB,2
TTDPSFLGRY_CASSLSGSPSPLHF,SARS-CoV2,Replicase polyprotein 1a,TTDPSFLGRY,,,10,HLA-A*01:01,CASSLSGSPSPLHF,14,IEDB:1039300,IEDB,2
TTDPSFLGRY_CASSLLPEQETQYF,SARS-CoV2,Replicase polyprotein 1a,TTDPSFLGRY,,,10,HLA-A*01:01,CASSLLPEQETQYF,14,IEDB:1039300,IEDB,2
TTDPSFLGRY_CASNPGGVETQYF,SARS-CoV2,Replicase polyprotein 1a,TTDPSFLGRY,,,10,HLA-A*01:01,CASNPGGVETQYF,13,IEDB:1039300,IEDB,2
TTDPSFLGRY_CASSQDGIAGYNEQFF,SARS-CoV2,Replicase polyprotein 1a,TTDPSFLGRY,,,10,HLA-A*01:01,CASSQDGIAGYNEQFF,16,IEDB:1039300,IEDB,2
TTDPSFLGRY_CASSLDQDRAYTGELFF,SARS-CoV2,Replicase polyprotein 1a,TTDPSFLGRY,,,10,HLA-A*01:01,CASSLDQDRAYTGELFF,17,IEDB:1039300,IEDB,2
YLQPRTFLL_CASSLEAGDYNEQFF,SARS-CoV2,Spike glycoprotein,YLQPRTFLL,,,9,HLA-A*02:01,CASSLEAGDYNEQFF,15,IEDB:1039300,IEDB,2
YLQPRTFLL_CASTLRDRGNQPQHF,SARS-CoV2,Spike glycoprotein,YLQPRTFLL,,,9,HLA-A*02:01,CASTLRDRGNQPQHF,15,IEDB:1039300,IEDB,2
YLQPRTFLL_CASSFGRGGSQPQHF,SARS-CoV2,Spike glycoprotein,YLQPRTFLL,,,9,HLA-A*02:01,CASSFGRGGSQPQHF,15,IEDB:1039300,IEDB,2
YLQPRTFLL_CATCLGSSAGELFF,SARS-CoV2,Spike glycoprotein,YLQPRTFLL,,,9,HLA-A*02:01,CATCLGSSAGELFF,14,IEDB:1039300,IEDB,2
YLQPRTFLL_CAWSGFANTGELFF,SARS-CoV2,Spike glycoprotein,YLQPRTFLL,,,9,HLA-A*02:01,CAWSGFANTGELFF,14,IEDB:1039300,IEDB,2
YLQPRTFLL_CASSRTSAKLGEQYF,SARS-CoV2,Spike glycoprotein,YLQPRTFLL,,,9,HLA-A*02:01,CASSRTSAKLGEQYF,15,IEDB:1039300,IEDB,2
YLQPRTFLL_CSARDGGTDTQYF,SARS-CoV2,Spike glycoprotein,YLQPRTFLL,,,9,HLA-A*02:01,CSARDGGTDTQYF,13,IEDB:1039300,IEDB,2
YLQPRTFLL_CASRTGQGATQYF,SARS-CoV2,Spike glycoprotein,YLQPRTFLL,,,9,HLA-A*02:01,CASRTGQGATQYF,13,IEDB:1039300,IEDB,2
YLQPRTFLL_CASSLTSGSEQFF,SARS-CoV2,Spike glycoprotein,YLQPRTFLL,,,9,HLA-A*02:01,CASSLTSGSEQFF,13,IEDB:1039300,IEDB,2
YLQPRTFLL_CASSLAGSSYNSPLHF,SARS-CoV2,Spike glycoprotein,YLQPRTFLL,,,9,HLA-A*02:01,CASSLAGSSYNSPLHF,16,IEDB:1039300,IEDB,2
YLQPRTFLL_CAWTNPISSDRGLGNTIYF,SARS-CoV2,Spike glycoprotein,YLQPRTFLL,,,9,HLA-A*02:01,CAWTNPISSDRGLGNTIYF,19,IEDB:1039300,IEDB,2
YLQPRTFLL_CSARVLTSGETYEQYF,SARS-CoV2,Spike glycoprotein,YLQPRTFLL,,,9,HLA-A*02:01,CSARVLTSGETYEQYF,16,IEDB:1039300,IEDB,2
YLQPRTFLL_CASSESSGGFFNEQFF,SARS-CoV2,Spike glycoprotein,YLQPRTFLL,,,9,HLA-A*02:01,CASSESSGGFFNEQFF,16,IEDB:1039300,IEDB,2
YLQPRTFLL_CAISESQEFYGYTF,SARS-CoV2,Spike glycoprotein,YLQPRTFLL,,,9,HLA-A*02:01,CAISESQEFYGYTF,14,IEDB:1039300,IEDB,2
YLQPRTFLL_CASSPGEARGEQFF,SARS-CoV2,Spike glycoprotein,YLQPRTFLL,,,9,HLA-A*02:01,CASSPGEARGEQFF,14,IEDB:1039300,IEDB,2
YLQPRTFLL_CASRYGGQGDSEQFF,SARS-CoV2,Spike glycoprotein,YLQPRTFLL,,,9,HLA-A*02:01,CASRYGGQGDSEQFF,15,IEDB:1039300,IEDB,2
YLQPRTFLL_CASSPDIGAFF,SARS-CoV2,Spike glycoprotein,YLQPRTFLL,,,9,HLA-A*02:01,CASSPDIGAFF,11,IEDB:1039300,IEDB,2
YLQPRTFLL_CASSRDIEAFF,SARS-CoV2,Spike glycoprotein,YLQPRTFLL,,,9,HLA-A*02:01,CASSRDIEAFF,11,IEDB:1039300,IEDB,2
YLQPRTFLL_CASSLYGGYEQYF,SARS-CoV2,Spike glycoprotein,YLQPRTFLL,,,9,HLA-A*02:01,CASSLYGGYEQYF,13,IEDB:1039300,IEDB,2
YLQPRTFLL_CASSILAGTYNEQFF,SARS-CoV2,Spike glycoprotein,YLQPRTFLL,,,9,HLA-A*02:01,CASSILAGTYNEQFF,15,IEDB:1039300,IEDB,2
YLQPRTFLL_CASSQDGGGNTEAFF,SARS-CoV2,Spike glycoprotein,YLQPRTFLL,,,9,HLA-A*02:01,CASSQDGGGNTEAFF,15,IEDB:1039300,IEDB,2
YLQPRTFLL_CASSARTGELFF,SARS-CoV2,Spike glycoprotein,YLQPRTFLL,,,9,HLA-A*02:01,CASSARTGELFF,12,IEDB:1039300,IEDB,2
YLQPRTFLL_CASSLGGEGKTQYF,SARS-CoV2,Spike glycoprotein,YLQPRTFLL,,,9,HLA-A*02:01,CASSLGGEGKTQYF,14,IEDB:1039300,IEDB,2
YLQPRTFLL_CASSPDRGGGYTF,SARS-CoV2,Spike glycoprotein,YLQPRTFLL,,,9,HLA-A*02:01,CASSPDRGGGYTF,13,IEDB:1039300,IEDB,2
YLQPRTFLL_CASSPGAPGQGSYEQYF,SARS-CoV2,Spike glycoprotein,YLQPRTFLL,,,9,HLA-A*02:01,CASSPGAPGQGSYEQYF,17,IEDB:1039300,IEDB,2
YLQPRTFLL_CSAGGTGIYGSYEQYF,SARS-CoV2,Spike glycoprotein,YLQPRTFLL,,,9,HLA-A*02:01,CSAGGTGIYGSYEQYF,16,IEDB:1039300,IEDB,2
YLQPRTFLL_CASSLASTDTQYF,SARS-CoV2,Spike glycoprotein,YLQPRTFLL,,,9,HLA-A*02:01,CASSLASTDTQYF,13,IEDB:1039300,IEDB,2
YLQPRTFLL_CSASDRRDEQFF,SARS-CoV2,Spike glycoprotein,YLQPRTFLL,,,9,HLA-A*02:01,CSASDRRDEQFF,12,IEDB:1039300,IEDB,2
YLQPRTFLL_CASSTRDSNQPQHF,SARS-CoV2,Spike glycoprotein,YLQPRTFLL,,,9,HLA-A*02:01,CASSTRDSNQPQHF,14,IEDB:1039300,IEDB,2
YLQPRTFLL_CAISGDPTGVNNEQFF,SARS-CoV2,Spike glycoprotein,YLQPRTFLL,,,9,HLA-A*02:01,CAISGDPTGVNNEQFF,16,IEDB:1039300,IEDB,2
YLQPRTFLL_CASSEQVTGDNEQFF,SARS-CoV2,Spike glycoprotein,YLQPRTFLL,,,9,HLA-A*02:01,CASSEQVTGDNEQFF,15,IEDB:1039300,IEDB,2
YLQPRTFLL_CASSDSDGTTDTQYF,SARS-CoV2,Spike glycoprotein,YLQPRTFLL,,,9,HLA-A*02:01,CASSDSDGTTDTQYF,15,IEDB:1039300,IEDB,2
YLQPRTFLL_CASSQGPNGYTF,SARS-CoV2,Spike glycoprotein,YLQPRTFLL,,,9,HLA-A*02:01,CASSQGPNGYTF,12,IEDB:1039300,IEDB,2
YLQPRTFLL_CASREETGIRFYEQYF,SARS-CoV2,Spike glycoprotein,YLQPRTFLL,,,9,HLA-A*02:01,CASREETGIRFYEQYF,16,IEDB:1039300,IEDB,2
YLQPRTFLL_CASSVGAGSNQPQHF,SARS-CoV2,Spike glycoprotein,YLQPRTFLL,,,9,HLA-A*02:01,CASSVGAGSNQPQHF,15,IEDB:1039300,IEDB,2
YLQPRTFLL_CASSEFPGPSDGYTF,SARS-CoV2,Spike glycoprotein,YLQPRTFLL,,,9,HLA-A*02:01,CASSEFPGPSDGYTF,15,IEDB:1039300,IEDB,2
YLQPRTFLL_CASRLGTGEVGELFF,SARS-CoV2,Spike glycoprotein,YLQPRTFLL,,,9,HLA-A*02:01,CASRLGTGEVGELFF,15,IEDB:1039300,IEDB,2
YLQPRTFLL_CASSLVGTSGRPAGDEQFF,SARS-CoV2,Spike glycoprotein,YLQPRTFLL,,,9,HLA-A*02:01,CASSLVGTSGRPAGDEQFF,19,IEDB:1039300,IEDB,2
YLQPRTFLL_CASRRKIYEQYF,SARS-CoV2,Spike glycoprotein,YLQPRTFLL,,,9,HLA-A*02:01,CASRRKIYEQYF,12,IEDB:1039300,IEDB,2
YLQPRTFLL_CASSFGDRGREKLFF,SARS-CoV2,Spike glycoprotein,YLQPRTFLL,,,9,HLA-A*02:01,CASSFGDRGREKLFF,15,IEDB:1039300,IEDB,2
YLQPRTFLL_CASSLAEGPRYGYTF,SARS-CoV2,Spike glycoprotein,YLQPRTFLL,,,9,HLA-A*02:01,CASSLAEGPRYGYTF,15,IEDB:1039300,IEDB,2
VYFLQSINF_CASFEGGNSPLHF,SARS-CoV2,ORF3a protein,VYFLQSINF,,,9,HLA-A*24:02,CASFEGGNSPLHF,13,IEDB:1039300,IEDB,2
VYFLQSINF_CASSGGLGTDYEQYF,SARS-CoV2,ORF3a protein,VYFLQSINF,,,9,HLA-A*24:02,CASSGGLGTDYEQYF,15,IEDB:1039300,IEDB,2
VYFLQSINF_CASSMAENTEAFF,SARS-CoV2,ORF3a protein,VYFLQSINF,,,9,HLA-A*24:02,CASSMAENTEAFF,13,IEDB:1039300,IEDB,2
VYFLQSINF_CASTIQANYGYTF,SARS-CoV2,ORF3a protein,VYFLQSINF,,,9,HLA-A*24:02,CASTIQANYGYTF,13,IEDB:1039300,IEDB,2
VYFLQSINF_CASSFNVNTEAFF,SARS-CoV2,ORF3a protein,VYFLQSINF,,,9,HLA-A*24:02,CASSFNVNTEAFF,13,IEDB:1039300,IEDB,2
VYFLQSINF_CSATRALGNEQFF,SARS-CoV2,ORF3a protein,VYFLQSINF,,,9,HLA-A*24:02,CSATRALGNEQFF,13,IEDB:1039300,IEDB,2
VYFLQSINF_CASSFGGTGPLGDTQYF,SARS-CoV2,ORF3a protein,VYFLQSINF,,,9,HLA-A*24:02,CASSFGGTGPLGDTQYF,17,IEDB:1039300,IEDB,2
VYFLQSINF_CASSFNRANTEAFF,SARS-CoV2,ORF3a protein,VYFLQSINF,,,9,HLA-A*24:02,CASSFNRANTEAFF,14,IEDB:1039300,IEDB,2
VYFLQSINF_CASSWGGANNEQFF,SARS-CoV2,ORF3a protein,VYFLQSINF,,,9,HLA-A*24:02,CASSWGGANNEQFF,14,IEDB:1039300,IEDB,2
VYFLQSINF_CASTRTVATNEKLFF,SARS-CoV2,ORF3a protein,VYFLQSINF,,,9,HLA-A*24:02,CASTRTVATNEKLFF,15,IEDB:1039300,IEDB,2
VYFLQSINF_CSVEPSGSYEQYF,SARS-CoV2,ORF3a protein,VYFLQSINF,,,9,HLA-A*24:02,CSVEPSGSYEQYF,13,IEDB:1039300,IEDB,2
VYFLQSINF_CASSPNQGPDTGELFF,SARS-CoV2,ORF3a protein,VYFLQSINF,,,9,HLA-A*24:02,CASSPNQGPDTGELFF,16,IEDB:1039300,IEDB,2
VYFLQSINF_CASSVDGGEFYEQYF,SARS-CoV2,ORF3a protein,VYFLQSINF,,,9,HLA-A*24:02,CASSVDGGEFYEQYF,15,IEDB:1039300,IEDB,2
VYFLQSINF_CASSPSARSSYEQYF,SARS-CoV2,ORF3a protein,VYFLQSINF,,,9,HLA-A*24:02,CASSPSARSSYEQYF,15,IEDB:1039300,IEDB,2
VYFLQSINF_CASTGQNNEQFF,SARS-CoV2,ORF3a protein,VYFLQSINF,,,9,HLA-A*24:02,CASTGQNNEQFF,12,IEDB:1039300,IEDB,2
VYFLQSINF_CASSPTSGSYEQYF,SARS-CoV2,ORF3a protein,VYFLQSINF,,,9,HLA-A*24:02,CASSPTSGSYEQYF,14,IEDB:1039300,IEDB,2
VYFLQSINF_CASSQDGGQETQYF,SARS-CoV2,ORF3a protein,VYFLQSINF,,,9,HLA-A*24:02,CASSQDGGQETQYF,14,IEDB:1039300,IEDB,2
VYFLQSINF_CASSHRRLAGGLTSIQYF,SARS-CoV2,ORF3a protein,VYFLQSINF,,,9,HLA-A*24:02,CASSHRRLAGGLTSIQYF,18,IEDB:1039300,IEDB,2
VYFLQSINF_CASGSTEQYF,SARS-CoV2,ORF3a protein,VYFLQSINF,,,9,HLA-A*24:02,CASGSTEQYF,10,IEDB:1039300,IEDB,2
VYFLQSINF_CASSWREGTDTQYF,SARS-CoV2,ORF3a protein,VYFLQSINF,,,9,HLA-A*24:02,CASSWREGTDTQYF,14,IEDB:1039300,IEDB,2
VYFLQSINF_CASSYLAERDNEQFF,SARS-CoV2,ORF3a protein,VYFLQSINF,,,9,HLA-A*24:02,CASSYLAERDNEQFF,15,IEDB:1039300,IEDB,2
VYFLQSINF_CASSLSSGGTYNEQFF,SARS-CoV2,ORF3a protein,VYFLQSINF,,,9,HLA-A*24:02,CASSLSSGGTYNEQFF,16,IEDB:1039300,IEDB,2
VYFLQSINF_CASSLGDRGLLETQYF,SARS-CoV2,ORF3a protein,VYFLQSINF,,,9,HLA-A*24:02,CASSLGDRGLLETQYF,16,IEDB:1039300,IEDB,2
YLQPRTFLL_CASSQEGVGQGWSPLHF,SARS-CoV2,Spike glycoprotein,YLQPRTFLL,,,9,HLA-A*02:01,CASSQEGVGQGWSPLHF,17,IEDB:1039300,IEDB,2
YLQPRTFLL_CASSLPGYYGYTF,SARS-CoV2,Spike glycoprotein,YLQPRTFLL,,,9,HLA-A*02:01,CASSLPGYYGYTF,13,IEDB:1039300,IEDB,2
YLQPRTFLL_CSGIRLASGRSYEQYF,SARS-CoV2,Spike glycoprotein,YLQPRTFLL,,,9,HLA-A*02:01,CSGIRLASGRSYEQYF,16,IEDB:1039300,IEDB,2
YLQPRTFLL_CASSLLGEPGEAFF,SARS-CoV2,Spike glycoprotein,YLQPRTFLL,,,9,HLA-A*02:01,CASSLLGEPGEAFF,14,IEDB:1039300,IEDB,2
YLQPRTFLL_CSASASGRIAFF,SARS-CoV2,Spike glycoprotein,YLQPRTFLL,,,9,HLA-A*02:01,CSASASGRIAFF,12,IEDB:1039300,IEDB,2
YLQPRTFLL_CASSLGQSLEQYF,SARS-CoV2,Spike glycoprotein,YLQPRTFLL,,,9,HLA-A*02:01,CASSLGQSLEQYF,13,IEDB:1039300,IEDB,2
YLQPRTFLL_CSARGSSQWETQYF,SARS-CoV2,Spike glycoprotein,YLQPRTFLL,,,9,HLA-A*02:01,CSARGSSQWETQYF,14,IEDB:1039300,IEDB,2
YLQPRTFLL_CASSSIYGTSYEQYF,SARS-CoV2,Spike glycoprotein,YLQPRTFLL,,,9,HLA-A*02:01,CASSSIYGTSYEQYF,15,IEDB:1039300,IEDB,2
YLQPRTFLL_CSANRAGKNIQYF,SARS-CoV2,Spike glycoprotein,YLQPRTFLL,,,9,HLA-A*02:01,CSANRAGKNIQYF,13,IEDB:1039300,IEDB,2
YLQPRTFLL_CASSQKAAQGVSSYEQYF,SARS-CoV2,Spike glycoprotein,YLQPRTFLL,,,9,HLA-A*02:01,CASSQKAAQGVSSYEQYF,18,IEDB:1039300,IEDB,2
YLQPRTFLL_CAWDRDHNTGELFF,SARS-CoV2,Spike glycoprotein,YLQPRTFLL,,,9,HLA-A*02:01,CAWDRDHNTGELFF,14,IEDB:1039300,IEDB,2
YLQPRTFLL_CASGDENTGELFF,SARS-CoV2,Spike glycoprotein,YLQPRTFLL,,,9,HLA-A*02:01,CASGDENTGELFF,13,IEDB:1039300,IEDB,2
YLQPRTFLL_CSARDAAGQNTGELFF,SARS-CoV2,Spike glycoprotein,YLQPRTFLL,,,9,HLA-A*02:01,CSARDAAGQNTGELFF,16,IEDB:1039300,IEDB,2
YLQPRTFLL_CASLRQNSGEQFF,SARS-CoV2,Spike glycoprotein,YLQPRTFLL,,,9,HLA-A*02:01,CASLRQNSGEQFF,13,IEDB:1039300,IEDB,2
YLQPRTFLL_CSARDSMAQNTGELFF,SARS-CoV2,Spike glycoprotein,YLQPRTFLL,,,9,HLA-A*02:01,CSARDSMAQNTGELFF,16,IEDB:1039300,IEDB,2
YLQPRTFLL_CASSPLGGGNTGELFF,SARS-CoV2,Spike glycoprotein,YLQPRTFLL,,,9,HLA-A*02:01,CASSPLGGGNTGELFF,16,IEDB:1039300,IEDB,2
YLQPRTFLL_CASSDANTGELFF,SARS-CoV2,Spike glycoprotein,YLQPRTFLL,,,9,HLA-A*02:01,CASSDANTGELFF,13,IEDB:1039300,IEDB,2
YLQPRTFLL_CAWTRDRNTGELFF,SARS-CoV2,Spike glycoprotein,YLQPRTFLL,,,9,HLA-A*02:01,CAWTRDRNTGELFF,14,IEDB:1039300,IEDB,2
YLQPRTFLL_CASDDPNTGELFF,SARS-CoV2,Spike glycoprotein,YLQPRTFLL,,,9,HLA-A*02:01,CASDDPNTGELFF,13,IEDB:1039300,IEDB,2
YLQPRTFLL_CSALRDKNTGELFF,SARS-CoV2,Spike glycoprotein,YLQPRTFLL,,,9,HLA-A*02:01,CSALRDKNTGELFF,14,IEDB:1039300,IEDB,2
YLQPRTFLL_CSAGERNTGELFF,SARS-CoV2,Spike glycoprotein,YLQPRTFLL,,,9,HLA-A*02:01,CSAGERNTGELFF,13,IEDB:1039300,IEDB,2
YLQPRTFLL_CASSPEIKAFF,SARS-CoV2,Spike glycoprotein,YLQPRTFLL,,,9,HLA-A*02:01,CASSPEIKAFF,11,IEDB:1039300,IEDB,2
YLQPRTFLL_CASSQGGNEQYF,SARS-CoV2,Spike glycoprotein,YLQPRTFLL,,,9,HLA-A*02:01,CASSQGGNEQYF,12,IEDB:1039300,IEDB,2
YLQPRTFLL_CASKERGYYNEQFF,SARS-CoV2,Spike glycoprotein,YLQPRTFLL,,,9,HLA-A*02:01,CASKERGYYNEQFF,14,IEDB:1039300,IEDB,2
YLQPRTFLL_CASSQDILARYNEQFF,SARS-CoV2,Spike glycoprotein,YLQPRTFLL,,,9,HLA-A*02:01,CASSQDILARYNEQFF,16,IEDB:1039300,IEDB,2
NYNYLYRLF_CASSQDLADRGYTF,SARS-CoV2,Spike glycoprotein,NYNYLYRLF,,,9,HLA-A*24:02,CASSQDLADRGYTF,14,IEDB:1039300,IEDB,2
NYNYLYRLF_CASSEGQGYEQYF,SARS-CoV2,Spike glycoprotein,NYNYLYRLF,,,9,HLA-A*24:02,CASSEGQGYEQYF,13,IEDB:1039300,IEDB,2
NYNYLYRLF_CASSLAQGYEQYF,SARS-CoV2,Spike glycoprotein,NYNYLYRLF,,,9,HLA-A*24:02,CASSLAQGYEQYF,13,IEDB:1039300,IEDB,2
NYNYLYRLF_CASSEAQGYEQYF,SARS-CoV2,Spike glycoprotein,NYNYLYRLF,,,9,HLA-A*24:02,CASSEAQGYEQYF,13,IEDB:1039300,IEDB,2
NYNYLYRLF_CASSETGGYEQYF,SARS-CoV2,Spike glycoprotein,NYNYLYRLF,,,9,HLA-A*24:02,CASSETGGYEQYF,13,IEDB:1039300,IEDB,2
NYNYLYRLF_CASSEGRGYEQYF,SARS-CoV2,Spike glycoprotein,NYNYLYRLF,,,9,HLA-A*24:02,CASSEGRGYEQYF,13,IEDB:1039300,IEDB,2
NYNYLYRLF_CASSPNPTYEQYF,SARS-CoV2,Spike glycoprotein,NYNYLYRLF,,,9,HLA-A*24:02,CASSPNPTYEQYF,13,IEDB:1039300,IEDB,2
NYNYLYRLF_CASSEAGGYEQYF,SARS-CoV2,Spike glycoprotein,NYNYLYRLF,,,9,HLA-A*24:02,CASSEAGGYEQYF,13,IEDB:1039300,IEDB,2
NYNYLYRLF_CASSERTGYEAFF,SARS-CoV2,Spike glycoprotein,NYNYLYRLF,,,9,HLA-A*24:02,CASSERTGYEAFF,13,IEDB:1039300,IEDB,2
NYNYLYRLF_CASSHSMGYEQYF,SARS-CoV2,Spike glycoprotein,NYNYLYRLF,,,9,HLA-A*24:02,CASSHSMGYEQYF,13,IEDB:1039300,IEDB,2
NYNYLYRLF_CASSQTAGYEQYF,SARS-CoV2,Spike glycoprotein,NYNYLYRLF,,,9,HLA-A*24:02,CASSQTAGYEQYF,13,IEDB:1039300,IEDB,2
NYNYLYRLF_CASSEGEGYEQYF,SARS-CoV2,Spike glycoprotein,NYNYLYRLF,,,9,HLA-A*24:02,CASSEGEGYEQYF,13,IEDB:1039300,IEDB,2
NYNYLYRLF_CASSESQGYEQYF,SARS-CoV2,Spike glycoprotein,NYNYLYRLF,,,9,HLA-A*24:02,CASSESQGYEQYF,13,IEDB:1039300,IEDB,2
NYNYLYRLF_CASSEQGGYEQYF,SARS-CoV2,Spike glycoprotein,NYNYLYRLF,,,9,HLA-A*24:02,CASSEQGGYEQYF,13,IEDB:1039300,IEDB,2
NYNYLYRLF_CASSEAGGYEQFF,SARS-CoV2,Spike glycoprotein,NYNYLYRLF,,,9,HLA-A*24:02,CASSEAGGYEQFF,13,IEDB:1039300,IEDB,2
NYNYLYRLF_CASSVSQGYEQFF,SARS-CoV2,Spike glycoprotein,NYNYLYRLF,,,9,HLA-A*24:02,CASSVSQGYEQFF,13,IEDB:1039300,IEDB,2
NYNYLYRLF_CASSPGQGYEQYF,SARS-CoV2,Spike glycoprotein,NYNYLYRLF,,,9,HLA-A*24:02,CASSPGQGYEQYF,13,IEDB:1039300,IEDB,2
NYNYLYRLF_CAISESSGYEQYF,SARS-CoV2,Spike glycoprotein,NYNYLYRLF,,,9,HLA-A*24:02,CAISESSGYEQYF,13,IEDB:1039300,IEDB,2
NYNYLYRLF_CASSEATGYEQYF,SARS-CoV2,Spike glycoprotein,NYNYLYRLF,,,9,HLA-A*24:02,CASSEATGYEQYF,13,IEDB:1039300,IEDB,2
NYNYLYRLF_CASSENRGYEQYF,SARS-CoV2,Spike glycoprotein,NYNYLYRLF,,,9,HLA-A*24:02,CASSENRGYEQYF,13,IEDB:1039300,IEDB,2
NYNYLYRLF_CASSNNYEQYF,SARS-CoV2,Spike glycoprotein,NYNYLYRLF,,,9,HLA-A*24:02,CASSNNYEQYF,11,IEDB:1039300,IEDB,2
NYNYLYRLF_CASSSERGLVREQYF,SARS-CoV2,Spike glycoprotein,NYNYLYRLF,,,9,HLA-A*24:02,CASSSERGLVREQYF,15,IEDB:1039300,IEDB,2
NYNYLYRLF_CASSQLGGYEQYF,SARS-CoV2,Spike glycoprotein,NYNYLYRLF,,,9,HLA-A*24:02,CASSQLGGYEQYF,13,IEDB:1039300,IEDB,2
NYNYLYRLF_CASSEAPGYEQYF,SARS-CoV2,Spike glycoprotein,NYNYLYRLF,,,9,HLA-A*24:02,CASSEAPGYEQYF,13,IEDB:1039300,IEDB,2
NYNYLYRLF_CASSPEDRGAFF,SARS-CoV2,Spike glycoprotein,NYNYLYRLF,,,9,HLA-A*24:02,CASSPEDRGAFF,12,IEDB:1039300,IEDB,2
NYNYLYRLF_CASSEFQSPYEQYF,SARS-CoV2,Spike glycoprotein,NYNYLYRLF,,,9,HLA-A*24:02,CASSEFQSPYEQYF,14,IEDB:1039300,IEDB,2
NYNYLYRLF_CASSEYRPPYEQYF,SARS-CoV2,Spike glycoprotein,NYNYLYRLF,,,9,HLA-A*24:02,CASSEYRPPYEQYF,14,IEDB:1039300,IEDB,2
NYNYLYRLF_CASSEFRSPYEQYF,SARS-CoV2,Spike glycoprotein,NYNYLYRLF,,,9,HLA-A*24:02,CASSEFRSPYEQYF,14,IEDB:1039300,IEDB,2
NYNYLYRLF_CASSEQTGSYGYTF,SARS-CoV2,Spike glycoprotein,NYNYLYRLF,,,9,HLA-A*24:02,CASSEQTGSYGYTF,14,IEDB:1039300,IEDB,2
QYIKWPWYI_CSARDTRLAGVEQFF,SARS-CoV2,Spike glycoprotein,QYIKWPWYI,,,9,HLA-A*24:02,CSARDTRLAGVEQFF,15,IEDB:1039300,IEDB,2
QYIKWPWYI_CAISGGNEQFF,SARS-CoV2,Spike glycoprotein,QYIKWPWYI,,,9,HLA-A*24:02,CAISGGNEQFF,11,IEDB:1039300,IEDB,2
QYIKWPWYI_CSARDVAGGAHYEQYF,SARS-CoV2,Spike glycoprotein,QYIKWPWYI,,,9,HLA-A*24:02,CSARDVAGGAHYEQYF,16,IEDB:1039300,IEDB,2
QYIKWPWYI_CASSQGSGNEQFF,SARS-CoV2,Spike glycoprotein,QYIKWPWYI,,,9,HLA-A*24:02,CASSQGSGNEQFF,13,IEDB:1039300,IEDB,2
QYIKWPWYI_CASSLIGGSSGNTIYF,SARS-CoV2,Spike glycoprotein,QYIKWPWYI,,,9,HLA-A*24:02,CASSLIGGSSGNTIYF,16,IEDB:1039300,IEDB,2
QYIKWPWYI_CASSQSGLAGIFSYNEQFF,SARS-CoV2,Spike glycoprotein,QYIKWPWYI,,,9,HLA-A*24:02,CASSQSGLAGIFSYNEQFF,19,IEDB:1039300,IEDB,2
QYIKWPWYI_CSARDAGLAGLEQFF,SARS-CoV2,Spike glycoprotein,QYIKWPWYI,,,9,HLA-A*24:02,CSARDAGLAGLEQFF,15,IEDB:1039300,IEDB,2
QYIKWPWYI_CSARDRELAGIEQFF,SARS-CoV2,Spike glycoprotein,QYIKWPWYI,,,9,HLA-A*24:02,CSARDRELAGIEQFF,15,IEDB:1039300,IEDB,2
QYIKWPWYI_CASSTLAEETQYF,SARS-CoV2,Spike glycoprotein,QYIKWPWYI,,,9,HLA-A*24:02,CASSTLAEETQYF,13,IEDB:1039300,IEDB,2
QYIKWPWYI_CASSFGGPPEAFF,SARS-CoV2,Spike glycoprotein,QYIKWPWYI,,,9,HLA-A*24:02,CASSFGGPPEAFF,13,IEDB:1039300,IEDB,2
QYIKWPWYI_CASGPPGTGYSNQPQHF,SARS-CoV2,Spike glycoprotein,QYIKWPWYI,,,9,HLA-A*24:02,CASGPPGTGYSNQPQHF,17,IEDB:1039300,IEDB,2
QYIKWPWYI_CASSERQQTYNEQFF,SARS-CoV2,Spike glycoprotein,QYIKWPWYI,,,9,HLA-A*24:02,CASSERQQTYNEQFF,15,IEDB:1039300,IEDB,2
QYIKWPWYI_CASSLTPTGSPLHF,SARS-CoV2,Spike glycoprotein,QYIKWPWYI,,,9,HLA-A*24:02,CASSLTPTGSPLHF,14,IEDB:1039300,IEDB,2
QYIKWPWYI_CASSQEPRDASSYNEQFF,SARS-CoV2,Spike glycoprotein,QYIKWPWYI,,,9,HLA-A*24:02,CASSQEPRDASSYNEQFF,18,IEDB:1039300,IEDB,2
QYIKWPWYI_CSARFPRSGNTIYF,SARS-CoV2,Spike glycoprotein,QYIKWPWYI,,,9,HLA-A*24:02,CSARFPRSGNTIYF,14,IEDB:1039300,IEDB,2
QYIKWPWYI_CASRDGQNQETQYF,SARS-CoV2,Spike glycoprotein,QYIKWPWYI,,,9,HLA-A*24:02,CASRDGQNQETQYF,14,IEDB:1039300,IEDB,2
QYIKWPWYI_CATSERGQGAHQETQYF,SARS-CoV2,Spike glycoprotein,QYIKWPWYI,,,9,HLA-A*24:02,CATSERGQGAHQETQYF,17,IEDB:1039300,IEDB,2
QYIKWPWYI_CASSFYPEGHEQYF,SARS-CoV2,Spike glycoprotein,QYIKWPWYI,,,9,HLA-A*24:02,CASSFYPEGHEQYF,14,IEDB:1039300,IEDB,2
QYIKWPWYI_CSGEEGPLGETQYF,SARS-CoV2,Spike glycoprotein,QYIKWPWYI,,,9,HLA-A*24:02,CSGEEGPLGETQYF,14,IEDB:1039300,IEDB,2
QYIKWPWYI_CASSFFSWGTDNEQFF,SARS-CoV2,Spike glycoprotein,QYIKWPWYI,,,9,HLA-A*24:02,CASSFFSWGTDNEQFF,16,IEDB:1039300,IEDB,2
VYFLQSINF_CASSQDRLGDTQYF,SARS-CoV2,ORF3a protein,VYFLQSINF,,,9,HLA-A*24:02,CASSQDRLGDTQYF,14,IEDB:1039300,IEDB,2
VYFLQSINF_CASRDTGELFF,SARS-CoV2,ORF3a protein,VYFLQSINF,,,9,HLA-A*24:02,CASRDTGELFF,11,IEDB:1039300,IEDB,2
YLQPRTFLL_CASRHFREVNTEAFF,SARS-CoV2,Spike glycoprotein,YLQPRTFLL,,,9,HLA-A*02:01,CASRHFREVNTEAFF,15,IEDB:1039300,IEDB,2
YLQPRTFLL_CAIRSGNTYSYEQYF,SARS-CoV2,Spike glycoprotein,YLQPRTFLL,,,9,HLA-A*02:01,CAIRSGNTYSYEQYF,15,IEDB:1039300,IEDB,2
YLQPRTFLL_CASSQDHYYNEQFF,SARS-CoV2,Spike glycoprotein,YLQPRTFLL,,,9,HLA-A*02:01,CASSQDHYYNEQFF,14,IEDB:1039300,IEDB,2
YLQPRTFLL_CASSLGIAKNIQYF,SARS-CoV2,Spike glycoprotein,YLQPRTFLL,,,9,HLA-A*02:01,CASSLGIAKNIQYF,14,IEDB:1039300,IEDB,2
YLQPRTFLL_CASSHDIEAFF,SARS-CoV2,Spike glycoprotein,YLQPRTFLL,,,9,HLA-A*02:01,CASSHDIEAFF,11,IEDB:1039300,IEDB,2
YLQPRTFLL_CASSVGYRNTEAFF,SARS-CoV2,Spike glycoprotein,YLQPRTFLL,,,9,HLA-A*02:01,CASSVGYRNTEAFF,14,IEDB:1039300,IEDB,2
YLQPRTFLL_CASSLASSTAYGYTF,SARS-CoV2,Spike glycoprotein,YLQPRTFLL,,,9,HLA-A*02:01,CASSLASSTAYGYTF,15,IEDB:1039300,IEDB,2
YLQPRTFLL_CASSPRLAGSHNEQFF,SARS-CoV2,Spike glycoprotein,YLQPRTFLL,,,9,HLA-A*02:01,CASSPRLAGSHNEQFF,16,IEDB:1039300,IEDB,2
YLQPRTFLL_CASSISGSGSDTQYF,SARS-CoV2,Spike glycoprotein,YLQPRTFLL,,,9,HLA-A*02:01,CASSISGSGSDTQYF,15,IEDB:1039300,IEDB,2
YLQPRTFLL_CASSVGGSEKNTEAFF,SARS-CoV2,Spike glycoprotein,YLQPRTFLL,,,9,HLA-A*02:01,CASSVGGSEKNTEAFF,16,IEDB:1039300,IEDB,2
YLQPRTFLL_CAISGRQGDTGELFF,SARS-CoV2,Spike glycoprotein,YLQPRTFLL,,,9,HLA-A*02:01,CAISGRQGDTGELFF,15,IEDB:1039300,IEDB,2
YLQPRTFLL_CASSSAALLSYEQYF,SARS-CoV2,Spike glycoprotein,YLQPRTFLL,,,9,HLA-A*02:01,CASSSAALLSYEQYF,15,IEDB:1039300,IEDB,2
YLQPRTFLL_CASSRLADGRNEQFF,SARS-CoV2,Spike glycoprotein,YLQPRTFLL,,,9,HLA-A*02:01,CASSRLADGRNEQFF,15,IEDB:1039300,IEDB,2
YLQPRTFLL_CASQRGGREETQYF,SARS-CoV2,Spike glycoprotein,YLQPRTFLL,,,9,HLA-A*02:01,CASQRGGREETQYF,14,IEDB:1039300,IEDB,2
YLQPRTFLL_CASSRNRYTDTQYF,SARS-CoV2,Spike glycoprotein,YLQPRTFLL,,,9,HLA-A*02:01,CASSRNRYTDTQYF,14,IEDB:1039300,IEDB,2
YLQPRTFLL_CSARSAASTDTQYF,SARS-CoV2,Spike glycoprotein,YLQPRTFLL,,,9,HLA-A*02:01,CSARSAASTDTQYF,14,IEDB:1039300,IEDB,2
YLQPRTFLL_CASSEGPGGDEQYF,SARS-CoV2,Spike glycoprotein,YLQPRTFLL,,,9,HLA-A*02:01,CASSEGPGGDEQYF,14,IEDB:1039300,IEDB,2
YLQPRTFLL_CASSHGGPGGLNEQFF,SARS-CoV2,Spike glycoprotein,YLQPRTFLL,,,9,HLA-A*02:01,CASSHGGPGGLNEQFF,16,IEDB:1039300,IEDB,2
YLQPRTFLL_CASSGGALSEQYF,SARS-CoV2,Spike glycoprotein,YLQPRTFLL,,,9,HLA-A*02:01,CASSGGALSEQYF,13,IEDB:1039300,IEDB,2
YLQPRTFLL_CASSPSPKRGAYEQYF,SARS-CoV2,Spike glycoprotein,YLQPRTFLL,,,9,HLA-A*02:01,CASSPSPKRGAYEQYF,16,IEDB:1039300,IEDB,2
YLQPRTFLL_CASSVKPDSPAEAFF,SARS-CoV2,Spike glycoprotein,YLQPRTFLL,,,9,HLA-A*02:01,CASSVKPDSPAEAFF,15,IEDB:1039300,IEDB,2
YLQPRTFLL_CASSLVSPGFGTEAFF,SARS-CoV2,Spike glycoprotein,YLQPRTFLL,,,9,HLA-A*02:01,CASSLVSPGFGTEAFF,16,IEDB:1039300,IEDB,2
YLQPRTFLL_CSASGGSYGSYNEQFF,SARS-CoV2,Spike glycoprotein,YLQPRTFLL,,,9,HLA-A*02:01,CSASGGSYGSYNEQFF,16,IEDB:1039300,IEDB,2
NQKLIANQF_CASSFQRSDTQYF,SARS-CoV2,Spike glycoprotein,NQKLIANQF,,,9,HLA-B*15:01,CASSFQRSDTQYF,13,IEDB:1039300,IEDB,2
NQKLIANQF_CASSPLLAGGKNIQYF,SARS-CoV2,Spike glycoprotein,NQKLIANQF,,,9,HLA-B*15:01,CASSPLLAGGKNIQYF,16,IEDB:1039300,IEDB,2
NQKLIANQF_CASSFWGGGTEAFF,SARS-CoV2,Spike glycoprotein,NQKLIANQF,,,9,HLA-B*15:01,CASSFWGGGTEAFF,14,IEDB:1039300,IEDB,2
NQKLIANQF_CASSQRSAGAYEQYF,SARS-CoV2,Spike glycoprotein,NQKLIANQF,,,9,HLA-B*15:01,CASSQRSAGAYEQYF,15,IEDB:1039300,IEDB,2
NQKLIANQF_CASSLSPSTEAFF,SARS-CoV2,Spike glycoprotein,NQKLIANQF,,,9,HLA-B*15:01,CASSLSPSTEAFF,13,IEDB:1039300,IEDB,2
NQKLIANQF_CASSVEIQDEQYF,SARS-CoV2,Spike glycoprotein,NQKLIANQF,,,9,HLA-B*15:01,CASSVEIQDEQYF,13,IEDB:1039300,IEDB,2
NQKLIANQF_CAISESRGAVETQYF,SARS-CoV2,Spike glycoprotein,NQKLIANQF,,,9,HLA-B*15:01,CAISESRGAVETQYF,15,IEDB:1039300,IEDB,2
NQKLIANQF_CASSNRGGNEQFF,SARS-CoV2,Spike glycoprotein,NQKLIANQF,,,9,HLA-B*15:01,CASSNRGGNEQFF,13,IEDB:1039300,IEDB,2
NQKLIANQF_CASSLPAASSYNEQFF,SARS-CoV2,Spike glycoprotein,NQKLIANQF,,,9,HLA-B*15:01,CASSLPAASSYNEQFF,16,IEDB:1039300,IEDB,2
NQKLIANQF_CASSVTGQGRETQYF,SARS-CoV2,Spike glycoprotein,NQKLIANQF,,,9,HLA-B*15:01,CASSVTGQGRETQYF,15,IEDB:1039300,IEDB,2
NQKLIANQF_CASSQENRLAGISEQFF,SARS-CoV2,Spike glycoprotein,NQKLIANQF,,,9,HLA-B*15:01,CASSQENRLAGISEQFF,17,IEDB:1039300,IEDB,2
NQKLIANQF_CASRQGTLYGYTF,SARS-CoV2,Spike glycoprotein,NQKLIANQF,,,9,HLA-B*15:01,CASRQGTLYGYTF,13,IEDB:1039300,IEDB,2
NQKLIANQF_CASSSSGTATYEQYF,SARS-CoV2,Spike glycoprotein,NQKLIANQF,,,9,HLA-B*15:01,CASSSSGTATYEQYF,15,IEDB:1039300,IEDB,2
NQKLIANQF_CASSPDRGREKLFF,SARS-CoV2,Spike glycoprotein,NQKLIANQF,,,9,HLA-B*15:01,CASSPDRGREKLFF,14,IEDB:1039300,IEDB,2
NQKLIANQF_CASSLEDTNYGYTF,SARS-CoV2,Spike glycoprotein,NQKLIANQF,,,9,HLA-B*15:01,CASSLEDTNYGYTF,14,IEDB:1039300,IEDB,2
NQKLIANQF_CASSPGTSGGSSYNEQFF,SARS-CoV2,Spike glycoprotein,NQKLIANQF,,,9,HLA-B*15:01,CASSPGTSGGSSYNEQFF,18,IEDB:1039300,IEDB,2
NQKLIANQF_CASSFEDTNYGYTF,SARS-CoV2,Spike glycoprotein,NQKLIANQF,,,9,HLA-B*15:01,CASSFEDTNYGYTF,14,IEDB:1039300,IEDB,2
NQKLIANQF_CASSGTSGSTDTQYF,SARS-CoV2,Spike glycoprotein,NQKLIANQF,,,9,HLA-B*15:01,CASSGTSGSTDTQYF,15,IEDB:1039300,IEDB,2
NQKLIANQF_CASSLTLRGGAGELFF,SARS-CoV2,Spike glycoprotein,NQKLIANQF,,,9,HLA-B*15:01,CASSLTLRGGAGELFF,16,IEDB:1039300,IEDB,2
NQKLIANQF_CASTYSGRVGPGELFF,SARS-CoV2,Spike glycoprotein,NQKLIANQF,,,9,HLA-B*15:01,CASTYSGRVGPGELFF,16,IEDB:1039300,IEDB,2
NQKLIANQF_CASSLTGGGYTF,SARS-CoV2,Spike glycoprotein,NQKLIANQF,,,9,HLA-B*15:01,CASSLTGGGYTF,12,IEDB:1039300,IEDB,2
NQKLIANQF_CASSTLSVSGYTF,SARS-CoV2,Spike glycoprotein,NQKLIANQF,,,9,HLA-B*15:01,CASSTLSVSGYTF,13,IEDB:1039300,IEDB,2
NQKLIANQF_CASSQDQAGGNTIYF,SARS-CoV2,Spike glycoprotein,NQKLIANQF,,,9,HLA-B*15:01,CASSQDQAGGNTIYF,15,IEDB:1039300,IEDB,2
NQKLIANQF_CSDGTGTNYGYTF,SARS-CoV2,Spike glycoprotein,NQKLIANQF,,,9,HLA-B*15:01,CSDGTGTNYGYTF,13,IEDB:1039300,IEDB,2
NQKLIANQF_CASSLGEYTDTQYF,SARS-CoV2,Spike glycoprotein,NQKLIANQF,,,9,HLA-B*15:01,CASSLGEYTDTQYF,14,IEDB:1039300,IEDB,2
NQKLIANQF_CASSQDTKRRAENTEAFF,SARS-CoV2,Spike glycoprotein,NQKLIANQF,,,9,HLA-B*15:01,CASSQDTKRRAENTEAFF,18,IEDB:1039300,IEDB,2
NQKLIANQF_CASRRDRAYEQYF,SARS-CoV2,Spike glycoprotein,NQKLIANQF,,,9,HLA-B*15:01,CASRRDRAYEQYF,13,IEDB:1039300,IEDB,2
NQKLIANQF_CASSLSPFSADYEQYF,SARS-CoV2,Spike glycoprotein,NQKLIANQF,,,9,HLA-B*15:01,CASSLSPFSADYEQYF,16,IEDB:1039300,IEDB,2
NQKLIANQF_CASSPGSYSNQPQHF,SARS-CoV2,Spike glycoprotein,NQKLIANQF,,,9,HLA-B*15:01,CASSPGSYSNQPQHF,15,IEDB:1039300,IEDB,2
NQKLIANQF_CASSLSGGALDTQYF,SARS-CoV2,Spike glycoprotein,NQKLIANQF,,,9,HLA-B*15:01,CASSLSGGALDTQYF,15,IEDB:1039300,IEDB,2
NQKLIANQF_CASSFFSPPDRFIYVYEQYF,SARS-CoV2,Spike glycoprotein,NQKLIANQF,,,9,HLA-B*15:01,CASSFFSPPDRFIYVYEQYF,20,IEDB:1039300,IEDB,2
NQKLIANQF_CASSKGGSNQPQHF,SARS-CoV2,Spike glycoprotein,NQKLIANQF,,,9,HLA-B*15:01,CASSKGGSNQPQHF,14,IEDB:1039300,IEDB,2
NQKLIANQF_CASSTSDPEAFF,SARS-CoV2,Spike glycoprotein,NQKLIANQF,,,9,HLA-B*15:01,CASSTSDPEAFF,12,IEDB:1039300,IEDB,2
NQKLIANQF_CASSLGVGRAYEQYF,SARS-CoV2,Spike glycoprotein,NQKLIANQF,,,9,HLA-B*15:01,CASSLGVGRAYEQYF,15,IEDB:1039300,IEDB,2
NQKLIANQF_CASSYSNRYPGGYTF,SARS-CoV2,Spike glycoprotein,NQKLIANQF,,,9,HLA-B*15:01,CASSYSNRYPGGYTF,15,IEDB:1039300,IEDB,2
NQKLIANQF_CASSLSLGQGAPNYGYTF,SARS-CoV2,Spike glycoprotein,NQKLIANQF,,,9,HLA-B*15:01,CASSLSLGQGAPNYGYTF,18,IEDB:1039300,IEDB,2
NQKLIANQF_CATSRLPQHTTNEKLFF,SARS-CoV2,Spike glycoprotein,NQKLIANQF,,,9,HLA-B*15:01,CATSRLPQHTTNEKLFF,17,IEDB:1039300,IEDB,2
NQKLIANQF_CASRTPAGANTEAFF,SARS-CoV2,Spike glycoprotein,NQKLIANQF,,,9,HLA-B*15:01,CASRTPAGANTEAFF,15,IEDB:1039300,IEDB,2
NQKLIANQF_CASGPGRGDINEQFF,SARS-CoV2,Spike glycoprotein,NQKLIANQF,,,9,HLA-B*15:01,CASGPGRGDINEQFF,15,IEDB:1039300,IEDB,2
NQKLIANQF_CASSPGGAGLVNEQYF,SARS-CoV2,Spike glycoprotein,NQKLIANQF,,,9,HLA-B*15:01,CASSPGGAGLVNEQYF,16,IEDB:1039300,IEDB,2
NQKLIANQF_CASTIMGRGGEAFF,SARS-CoV2,Spike glycoprotein,NQKLIANQF,,,9,HLA-B*15:01,CASTIMGRGGEAFF,14,IEDB:1039300,IEDB,2
NQKLIANQF_CASSLSSQNNEKLFF,SARS-CoV2,Spike glycoprotein,NQKLIANQF,,,9,HLA-B*15:01,CASSLSSQNNEKLFF,15,IEDB:1039300,IEDB,2
NQKLIANQF_CASSTGGVGYEQYF,SARS-CoV2,Spike glycoprotein,NQKLIANQF,,,9,HLA-B*15:01,CASSTGGVGYEQYF,14,IEDB:1039300,IEDB,2
NQKLIANQF_CASSPSGAGGGDEQFF,SARS-CoV2,Spike glycoprotein,NQKLIANQF,,,9,HLA-B*15:01,CASSPSGAGGGDEQFF,16,IEDB:1039300,IEDB,2
NQKLIANQF_CASSLRGGQDSGNTIYF,SARS-CoV2,Spike glycoprotein,NQKLIANQF,,,9,HLA-B*15:01,CASSLRGGQDSGNTIYF,17,IEDB:1039300,IEDB,2
NQKLIANQF_CSVEVSDYEQYF,SARS-CoV2,Spike glycoprotein,NQKLIANQF,,,9,HLA-B*15:01,CSVEVSDYEQYF,12,IEDB:1039300,IEDB,2
NQKLIANQF_CSARGFRTGETGELFF,SARS-CoV2,Spike glycoprotein,NQKLIANQF,,,9,HLA-B*15:01,CSARGFRTGETGELFF,16,IEDB:1039300,IEDB,2
NQKLIANQF_CASSLAPHTSPMAYEQYF,SARS-CoV2,Spike glycoprotein,NQKLIANQF,,,9,HLA-B*15:01,CASSLAPHTSPMAYEQYF,18,IEDB:1039300,IEDB,2
NQKLIANQF_CASSPETGAIDGYTF,SARS-CoV2,Spike glycoprotein,NQKLIANQF,,,9,HLA-B*15:01,CASSPETGAIDGYTF,15,IEDB:1039300,IEDB,2
NQKLIANQF_CASSIGQLHQETQYF,SARS-CoV2,Spike glycoprotein,NQKLIANQF,,,9,HLA-B*15:01,CASSIGQLHQETQYF,15,IEDB:1039300,IEDB,2
NQKLIANQF_CASSSLSEGSGANVLTF,SARS-CoV2,Spike glycoprotein,NQKLIANQF,,,9,HLA-B*15:01,CASSSLSEGSGANVLTF,17,IEDB:1039300,IEDB,2
NQKLIANQF_CASSFLAGGLKYNEQFF,SARS-CoV2,Spike glycoprotein,NQKLIANQF,,,9,HLA-B*15:01,CASSFLAGGLKYNEQFF,17,IEDB:1039300,IEDB,2
NQKLIANQF_CASSLEDTYYGYTF,SARS-CoV2,Spike glycoprotein,NQKLIANQF,,,9,HLA-B*15:01,CASSLEDTYYGYTF,14,IEDB:1039300,IEDB,2
NQKLIANQF_CASTLNLGQGAPHYGYTF,SARS-CoV2,Spike glycoprotein,NQKLIANQF,,,9,HLA-B*15:01,CASTLNLGQGAPHYGYTF,18,IEDB:1039300,IEDB,2
NQKLIANQF_CSADDYSGSSDEQFF,SARS-CoV2,Spike glycoprotein,NQKLIANQF,,,9,HLA-B*15:01,CSADDYSGSSDEQFF,15,IEDB:1039300,IEDB,2
NQKLIANQF_CASRGGQEYGYTF,SARS-CoV2,Spike glycoprotein,NQKLIANQF,,,9,HLA-B*15:01,CASRGGQEYGYTF,13,IEDB:1039300,IEDB,2
NQKLIANQF_CASSVGLAGATNEQFF,SARS-CoV2,Spike glycoprotein,NQKLIANQF,,,9,HLA-B*15:01,CASSVGLAGATNEQFF,16,IEDB:1039300,IEDB,2
NQKLIANQF_CSATKDRGYTEAFF,SARS-CoV2,Spike glycoprotein,NQKLIANQF,,,9,HLA-B*15:01,CSATKDRGYTEAFF,14,IEDB:1039300,IEDB,2
RVAGDSGFAAY_CASSRHRGHFNEQFF,SARS-CoV2,membrane glycoprotein [Severe acute respiratory syndrome coronavirus 2],RVAGDSGFAAY,,,11,HLA-B*15:01,CASSRHRGHFNEQFF,15,IEDB:1039300,IEDB,2
RVAGDSGFAAY_CASSLSGGNEKLFF,SARS-CoV2,membrane glycoprotein [Severe acute respiratory syndrome coronavirus 2],RVAGDSGFAAY,,,11,HLA-B*15:01,CASSLSGGNEKLFF,14,IEDB:1039300,IEDB,2
RVAGDSGFAAY_CASSLYLGTTIRGEQFF,SARS-CoV2,membrane glycoprotein [Severe acute respiratory syndrome coronavirus 2],RVAGDSGFAAY,,,11,HLA-B*15:01,CASSLYLGTTIRGEQFF,17,IEDB:1039300,IEDB,2
RVAGDSGFAAY_CASSVVGTEAFF,SARS-CoV2,membrane glycoprotein [Severe acute respiratory syndrome coronavirus 2],RVAGDSGFAAY,,,11,HLA-B*15:01,CASSVVGTEAFF,12,IEDB:1039300,IEDB,2
RVAGDSGFAAY_CASRSSPTQGTLTEAFF,SARS-CoV2,membrane glycoprotein [Severe acute respiratory syndrome coronavirus 2],RVAGDSGFAAY,,,11,HLA-B*15:01,CASRSSPTQGTLTEAFF,17,IEDB:1039300,IEDB,2
RVAGDSGFAAY_CASRSSLGAYEEQYF,SARS-CoV2,membrane glycoprotein [Severe acute respiratory syndrome coronavirus 2],RVAGDSGFAAY,,,11,HLA-B*15:01,CASRSSLGAYEEQYF,15,IEDB:1039300,IEDB,2
RVAGDSGFAAY_CASSQVNRGFYNEQFF,SARS-CoV2,membrane glycoprotein [Severe acute respiratory syndrome coronavirus 2],RVAGDSGFAAY,,,11,HLA-B*15:01,CASSQVNRGFYNEQFF,16,IEDB:1039300,IEDB,2
RVAGDSGFAAY_CASSLDVPYEQYF,SARS-CoV2,membrane glycoprotein [Severe acute respiratory syndrome coronavirus 2],RVAGDSGFAAY,,,11,HLA-B*15:01,CASSLDVPYEQYF,13,IEDB:1039300,IEDB,2
RVAGDSGFAAY_CASSQAGAKTQYF,SARS-CoV2,membrane glycoprotein [Severe acute respiratory syndrome coronavirus 2],RVAGDSGFAAY,,,11,HLA-B*15:01,CASSQAGAKTQYF,13,IEDB:1039300,IEDB,2
RVAGDSGFAAY_CAWSVTPGYNEQFF,SARS-CoV2,membrane glycoprotein [Severe acute respiratory syndrome coronavirus 2],RVAGDSGFAAY,,,11,HLA-B*15:01,CAWSVTPGYNEQFF,14,IEDB:1039300,IEDB,2
RVAGDSGFAAY_CASSLLDRGFQPQHF,SARS-CoV2,membrane glycoprotein [Severe acute respiratory syndrome coronavirus 2],RVAGDSGFAAY,,,11,HLA-B*15:01,CASSLLDRGFQPQHF,15,IEDB:1039300,IEDB,2
RVAGDSGFAAY_CASSFPGYPSGANVLTF,SARS-CoV2,membrane glycoprotein [Severe acute respiratory syndrome coronavirus 2],RVAGDSGFAAY,,,11,HLA-B*15:01,CASSFPGYPSGANVLTF,17,IEDB:1039300,IEDB,2
RVAGDSGFAAY_CASSPRPDRELGNTIYF,SARS-CoV2,membrane glycoprotein [Severe acute respiratory syndrome coronavirus 2],RVAGDSGFAAY,,,11,HLA-B*15:01,CASSPRPDRELGNTIYF,17,IEDB:1039300,IEDB,2
RVAGDSGFAAY_CASRGPNSNQPQHF,SARS-CoV2,membrane glycoprotein [Severe acute respiratory syndrome coronavirus 2],RVAGDSGFAAY,,,11,HLA-B*15:01,CASRGPNSNQPQHF,14,IEDB:1039300,IEDB,2
RVAGDSGFAAY_CASSGTFGTSGNTDTQYF,SARS-CoV2,membrane glycoprotein [Severe acute respiratory syndrome coronavirus 2],RVAGDSGFAAY,,,11,HLA-B*15:01,CASSGTFGTSGNTDTQYF,18,IEDB:1039300,IEDB,2
RVAGDSGFAAY_CASSQDPRGRSSYEQYF,SARS-CoV2,membrane glycoprotein [Severe acute respiratory syndrome coronavirus 2],RVAGDSGFAAY,,,11,HLA-B*15:01,CASSQDPRGRSSYEQYF,17,IEDB:1039300,IEDB,2
RVAGDSGFAAY_CASSQVSGGARETQYF,SARS-CoV2,membrane glycoprotein [Severe acute respiratory syndrome coronavirus 2],RVAGDSGFAAY,,,11,HLA-B*15:01,CASSQVSGGARETQYF,16,IEDB:1039300,IEDB,2
RVAGDSGFAAY_CASSSTRDRGQGYGYTF,SARS-CoV2,membrane glycoprotein [Severe acute respiratory syndrome coronavirus 2],RVAGDSGFAAY,,,11,HLA-B*15:01,CASSSTRDRGQGYGYTF,17,IEDB:1039300,IEDB,2
RVAGDSGFAAY_CASSSTTGLTREQYF,SARS-CoV2,membrane glycoprotein [Severe acute respiratory syndrome coronavirus 2],RVAGDSGFAAY,,,11,HLA-B*15:01,CASSSTTGLTREQYF,15,IEDB:1039300,IEDB,2
RVAGDSGFAAY_CASSYSLQPNQPQHF,SARS-CoV2,membrane glycoprotein [Severe acute respiratory syndrome coronavirus 2],RVAGDSGFAAY,,,11,HLA-B*15:01,CASSYSLQPNQPQHF,15,IEDB:1039300,IEDB,2
RVAGDSGFAAY_CASSSLARGALNYGYTF,SARS-CoV2,membrane glycoprotein [Severe acute respiratory syndrome coronavirus 2],RVAGDSGFAAY,,,11,HLA-B*15:01,CASSSLARGALNYGYTF,17,IEDB:1039300,IEDB,2
RVAGDSGFAAY_CASSPRTGIDGYTF,SARS-CoV2,membrane glycoprotein [Severe acute respiratory syndrome coronavirus 2],RVAGDSGFAAY,,,11,HLA-B*15:01,CASSPRTGIDGYTF,14,IEDB:1039300,IEDB,2
RVAGDSGFAAY_CASSLGDRGYQPQHF,SARS-CoV2,membrane glycoprotein [Severe acute respiratory syndrome coronavirus 2],RVAGDSGFAAY,,,11,HLA-B*15:01,CASSLGDRGYQPQHF,15,IEDB:1039300,IEDB,2
RVAGDSGFAAY_CASSPRDRGFSPLHF,SARS-CoV2,membrane glycoprotein [Severe acute respiratory syndrome coronavirus 2],RVAGDSGFAAY,,,11,HLA-B*15:01,CASSPRDRGFSPLHF,15,IEDB:1039300,IEDB,2
VYFLQSINF_CASSEGTSGGISDTQYF,SARS-CoV2,ORF3a protein,VYFLQSINF,,,9,HLA-A*24:02,CASSEGTSGGISDTQYF,17,IEDB:1039300,IEDB,2
VYFLQSINF_CASSQAVGSPLHF,SARS-CoV2,ORF3a protein,VYFLQSINF,,,9,HLA-A*24:02,CASSQAVGSPLHF,13,IEDB:1039300,IEDB,2
NQKLIANQF_CSAENYRLAGITDTQYF,SARS-CoV2,Spike glycoprotein,NQKLIANQF,,,9,HLA-B*15:01,CSAENYRLAGITDTQYF,17,IEDB:1039300,IEDB,2
NQKLIANQF_CASSEESSRYYGYTF,SARS-CoV2,Spike glycoprotein,NQKLIANQF,,,9,HLA-B*15:01,CASSEESSRYYGYTF,15,IEDB:1039300,IEDB,2
NQKLIANQF_CASSSTSRDYGYTF,SARS-CoV2,Spike glycoprotein,NQKLIANQF,,,9,HLA-B*15:01,CASSSTSRDYGYTF,14,IEDB:1039300,IEDB,2
NQKLIANQF_CASSQDDGGTDEQYF,SARS-CoV2,Spike glycoprotein,NQKLIANQF,,,9,HLA-B*15:01,CASSQDDGGTDEQYF,15,IEDB:1039300,IEDB,2
NQKLIANQF_CAAGVNTGELFF,SARS-CoV2,Spike glycoprotein,NQKLIANQF,,,9,HLA-B*15:01,CAAGVNTGELFF,12,IEDB:1039300,IEDB,2
NQKLIANQF_CASSQGGSADTQYF,SARS-CoV2,Spike glycoprotein,NQKLIANQF,,,9,HLA-B*15:01,CASSQGGSADTQYF,14,IEDB:1039300,IEDB,2
NQKLIANQF_CSARDYLTSGRGGTYEQYF,SARS-CoV2,Spike glycoprotein,NQKLIANQF,,,9,HLA-B*15:01,CSARDYLTSGRGGTYEQYF,19,IEDB:1039300,IEDB,2
NQKLIANQF_CASSPTGDYNSPLHF,SARS-CoV2,Spike glycoprotein,NQKLIANQF,,,9,HLA-B*15:01,CASSPTGDYNSPLHF,15,IEDB:1039300,IEDB,2
NQKLIANQF_CASSQADRGGPNTGELFF,SARS-CoV2,Spike glycoprotein,NQKLIANQF,,,9,HLA-B*15:01,CASSQADRGGPNTGELFF,18,IEDB:1039300,IEDB,2
NQKLIANQF_CASSQDRVTGKYTF,SARS-CoV2,Spike glycoprotein,NQKLIANQF,,,9,HLA-B*15:01,CASSQDRVTGKYTF,14,IEDB:1039300,IEDB,2
NQKLIANQF_CASSLTSGAYNEQFF,SARS-CoV2,Spike glycoprotein,NQKLIANQF,,,9,HLA-B*15:01,CASSLTSGAYNEQFF,15,IEDB:1039300,IEDB,2
NQKLIANQF_CASSFTSSYNEQFF,SARS-CoV2,Spike glycoprotein,NQKLIANQF,,,9,HLA-B*15:01,CASSFTSSYNEQFF,14,IEDB:1039300,IEDB,2
NQKLIANQF_CASSLVEGINYGYTF,SARS-CoV2,Spike glycoprotein,NQKLIANQF,,,9,HLA-B*15:01,CASSLVEGINYGYTF,15,IEDB:1039300,IEDB,2
NQKLIANQF_CAFGPRDRTNTGELFF,SARS-CoV2,Spike glycoprotein,NQKLIANQF,,,9,HLA-B*15:01,CAFGPRDRTNTGELFF,16,IEDB:1039300,IEDB,2
NQKLIANQF_CASGLGIGQNIQYF,SARS-CoV2,Spike glycoprotein,NQKLIANQF,,,9,HLA-B*15:01,CASGLGIGQNIQYF,14,IEDB:1039300,IEDB,2
