,source,epitope_species,epitope_gene,epitope_seq,cdr3_beta,positive,negative
0,IEDB,SARS-CoV2,ORF3a protein,ALSKGVHFV,13,13,0
1,Gfeller,,,EYADVFHLYL,8,8,0
2,IEDB,SARS-CoV2,ORF3a protein,FTSDYYQLY,35,35,0
3,IEDB,SARS-CoV2,Spike glycoprotein,LTDEMIAQY,126,126,0
4,Gfeller,,,LYLYALVYF,9,9,0
5,IEDB,SARS-CoV2,Spike glycoprotein,NQKLIANQF,73,73,0
6,IEDB,SARS-CoV2,Spike glycoprotein,NYNYLYRLF,29,29,0
7,IEDB,SARS-CoV2,orf1ab polyprotein [Severe acute respiratory syndrome coronavirus 2],PTDNYITTY,21,21,0
8,IEDB,SARS-CoV2,Spike glycoprotein,QYIKWPWYI,20,20,0
9,Gfeller,,,QYIKWPWYIW,15,15,0
10,Shomuradova,SARS-CoV-2,Spike,RLQSLQTYV,27,27,0
11,IEDB,SARS-CoV2,membrane glycoprotein [Severe acute respiratory syndrome coronavirus 2],RVAGDSGFAAY,24,24,0
12,IEDB,SARS-CoV2,Replicase polyprotein 1a,TTDPSFLGRY,244,244,0
13,IEDB,SARS-CoV2,ORF3a protein,VYFLQSINF,27,27,0
14,Gfeller,,,YFIASFRLF,7,7,0
15,Shomuradova;IEDB,SARS-CoV-2;SARS-CoV2,Spike;Spike glycoprotein,YLQPRTFLL,482,482,0
